id,name,description,start_date,end_date
1,旅行予約システム設計,当プロジェクトでは運用保守、テスト、デプロイ、ドキュメント作成、自動テスト導入やインフラ構築に取り組んでいる。,2024-04-09,
2,予約管理システム設計,"現プロジェクトにおいてデータベース設計やデプロイなどに取り組んでいる。
[実施内容]
データベース設計
デプロイ
実装
自動テスト導入
運用保守
パフォーマンス改善
これらの取り組みにより、ユーザー満足度向上を目指している。",2024-12-22,
3,ブロックチェーン開発実装,要件定義、要件分析、パフォーマンス改善、自動テスト導入、クラウド移行やセキュリティ強化などの開発に取り組んでいます。目指しているのは運用コスト削減です。,2025-05-20,
4,動画配信サービス改善,技術選定、UI/UX設計、セキュリティ強化、実装、デプロイやデータベース設計などの開発に取り組んでいる。目指しているのは運用コスト削減である。,2024-11-24,
5,物流管理システム改善,データベース設計、運用保守やチームマネジメントなどの開発に取り組んでいます。,2024-02-22,
6,医療情報システム設計,このプロジェクトではタスク管理、CI/CD構築やデータ分析に取り組んでいます。,2025-08-30,
7,AIチャットボット構築,当プロジェクトではクラウド移行、セキュリティ強化、リファクタリング、運用保守、技術選定やコーディングに取り組んでいる。,2025-03-24,
8,顧客管理システム開発,"このプロジェクトでは自動テスト導入や実装などに取り組んでいます。
[実施内容]
自動テスト導入
実装
要件分析
タスク管理
チームマネジメント
運用保守",2025-05-05,
9,クラウド移行プロジェクト導入,主な業務はデータベース設計、タスク管理やレビューである。目指しているのはバグ発生率低減である。,2024-06-15,2024-12-28
10,教育向けアプリ実装,"このプロジェクトでは技術選定やインフラ構築などに取り組んでいます。
[主な業務]
技術選定
インフラ構築
チームマネジメント
実装
テスト
これらの取り組みにより、品質改善を目指しています。",2024-07-31,2025-12-02
11,クラウド移行プロジェクト開発,"現在進行中の案件においてはパフォーマンス改善やUI/UX設計などに取り組んでいます。
[実施内容]
パフォーマンス改善
UI/UX設計
CI/CD構築
クラウド移行
自動テスト導入
システム設計
これらの取り組みにより、開発効率向上を目指しています。",2025-09-05,
12,ブロックチェーン開発開発,"現プロジェクトにおいて要件定義やアーキテクチャ設計などに取り組んでいる。
[主な作業]
要件定義
アーキテクチャ設計
チームマネジメント
データ分析
レビュー
UI/UX設計",2024-09-24,
13,セキュリティ強化プロジェクト実装,現在進行中の案件においては要件定義、要件分析、パフォーマンス改善、リファクタリングやシステム設計に取り組んでいます。目的はバグ発生率低減です。,2025-04-17,
14,グルメレビューアプリ開発,"本プロジェクトではクラウド移行や要件定義などに取り組んでいる。
[実施内容]
クラウド移行
要件定義
自動テスト導入
ドキュメント作成
システム設計",2025-05-14,
15,データレイク構築構築,主な業務は自動テスト導入、データベース設計、セキュリティ強化、チームマネジメント、技術選定や要件定義である。目指しているのはコスト削減である。,2024-04-07,2025-12-23
16,HRテックサービス構築,現プロジェクトにおいて実装、チームマネジメント、リファクタリング、システム設計、要件定義やパフォーマンス改善に取り組んでいる。目的は品質改善である。,2024-09-16,
17,グルメレビューアプリ実装,当プロジェクトではクラウド移行、インフラ構築、レビュー、タスク管理やテストに取り組んでいます。,2025-04-29,2026-05-18
18,AIチャットボット実装,インフラ構築、運用保守、セキュリティ強化、実装やUI/UX設計などの開発に取り組んでいます。目指しているのは性能向上です。,2025-06-14,2026-12-31
19,健康管理アプリ実装,技術選定や設計レビューを行っている。また、レビュー、チームマネジメントやテストにも取り組んでいる。,2024-10-25,2025-02-10
20,ブロックチェーン開発設計,現プロジェクトにおいてドキュメント作成、システム設計、UI/UX設計、データ分析やデータベース設計に取り組んでいる。,2024-10-26,
21,旅行予約システム実装,現プロジェクトにおいてデプロイ、技術選定、UI/UX設計、ドキュメント作成や運用保守に取り組んでいる。目的はコスト削減である。,2024-06-19,2025-05-27
22,在庫管理システム開発,デプロイ、アーキテクチャ設計、CI/CD構築、テスト、レビューやコーディングなどの開発に取り組んでいる。目指しているのはバグ発生率低減である。,2024-06-28,
23,音声認識システム設計,技術選定や設計レビューを行っています。また、レビュー、セキュリティ強化やチームマネジメントにも取り組んでいます。,2024-11-11,
24,チャットボット実装,技術選定や設計レビューを行っています。また、ドキュメント作成、運用保守やインフラ構築にも取り組んでいます。目指しているのはユーザー満足度向上です。,2024-10-24,
25,不動産プラットフォーム実装,"当プロジェクトではセキュリティ強化や技術選定などに取り組んでいる。
[主な業務]
セキュリティ強化
技術選定
クラウド移行
コーディング
これらの取り組みにより、運用コスト削減を目指している。",2024-01-05,
26,動画配信サービス開発,システム設計や実装を中心に行っています。,2024-02-21,
27,在庫管理システム導入,本プロジェクトではCI/CD構築、セキュリティ強化、データ分析、クラウド移行やコーディングに取り組んでいる。目的はバグ発生率低減である。,2024-07-21,2025-03-13
28,不動産プラットフォーム構築,"当プロジェクトではレビューやチームマネジメントなどに取り組んでいる。
[実施内容]
レビュー
チームマネジメント
実装
システム設計
データベース設計
これらの取り組みにより、レスポンス時間短縮を目指している。",2025-01-13,2026-06-02
29,eラーニングシステム実装,"現在進行中の案件においてはパフォーマンス改善やレビューなどに取り組んでいます。
[実施内容]
パフォーマンス改善
レビュー
システム設計
チームマネジメント
デプロイ
セキュリティ強化",2024-07-03,2024-10-18
30,金融システム開発,本プロジェクトではパフォーマンス改善、テスト、インフラ構築、実装やUI/UX設計に取り組んでいる。目的はレスポンス時間短縮である。,2024-11-27,
31,在庫管理システム構築,このプロジェクトでは要件分析、クラウド移行やデプロイに取り組んでいます。目的は開発効率向上です。,2024-01-21,2025-09-16
32,AIチャットボット開発,本プロジェクトではクラウド移行、レビュー、リファクタリング、タスク管理や自動テスト導入に取り組んでいる。目的は性能向上である。,2024-01-26,2024-05-18
33,AIチャットボット改善,技術選定や設計レビューを行っています。また、コーディング、パフォーマンス改善、クラウド移行、システム設計やレビューにも取り組んでいます。,2024-11-23,
34,サブスク管理サービス構築,このプロジェクトではコーディング、実装、要件定義やデータベース設計に取り組んでいます。,2025-06-15,2026-11-05
35,HRテックサービス改善,"当プロジェクトではタスク管理やチームマネジメントなどに取り組んでいます。
[主な作業]
タスク管理
チームマネジメント
要件定義",2025-10-28,2026-07-02
36,BIツール導入導入,"このプロジェクトではインフラ構築やリファクタリングなどに取り組んでいます。
[実施内容]
インフラ構築
リファクタリング
セキュリティ強化
クラウド移行
運用保守",2024-08-21,2026-04-23
37,ECプラットフォーム導入,"現在進行中の案件においてはデータ分析や実装などに取り組んでいます。
[主な業務]
データ分析
実装
アーキテクチャ設計
要件定義
これらの取り組みにより、レスポンス時間短縮を目指しています。",2024-08-15,2025-02-05
38,データ分析基盤開発,システム設計や実装を中心に行っている。また、データベース設計、CI/CD構築、要件分析やセキュリティ強化にも取り組んでいる。目指しているのはバグ発生率低減である。,2024-05-19,
39,チャットボット開発,このプロジェクトでは実装、データ分析、タスク管理、クラウド移行やセキュリティ強化に取り組んでいます。,2025-02-02,2025-06-06
40,教育向けアプリ導入,UI/UX設計、チームマネジメント、CI/CD構築、システム設計、ドキュメント作成やレビューなどの開発に取り組んでいます。目指しているのはユーザー満足度向上です。,2024-01-16,
41,eラーニングシステム構築,技術選定や設計レビューを行っている。,2024-09-14,
42,不動産プラットフォーム開発,当プロジェクトではCI/CD構築、データベース設計、データ分析や要件定義に取り組んでいます。,2025-04-17,
43,教育向けアプリ設計,当プロジェクトではデータベース設計、レビューやインフラ構築に取り組んでいる。目的はユーザビリティ向上である。,2024-08-21,2024-12-04
44,予約管理システム実装,このプロジェクトではシステム設計、実装、UI/UX設計、技術選定やレビューに取り組んでいます。,2024-11-04,
45,サブスク管理サービス実装,技術選定や設計レビューを行っている。また、インフラ構築、コーディング、要件定義やUI/UX設計にも取り組んでいる。,2025-11-05,2026-08-27
46,在庫管理システム実装,技術選定や設計レビューを行っています。また、クラウド移行、データベース設計、デプロイ、実装、コーディングやセキュリティ強化にも取り組んでいます。目指しているのはバグ発生率低減です。,2024-10-15,2026-08-13
47,不動産プラットフォーム導入,主な業務はデプロイ、自動テスト導入やパフォーマンス改善です。,2025-04-19,
48,音声認識システム実装,当プロジェクトでは要件分析、実装、要件定義、技術選定やシステム設計に取り組んでいます。,2024-07-02,2025-08-14
49,eラーニングシステム改善,現在進行中の案件においてはデータ分析、CI/CD構築、クラウド移行、運用保守やデータベース設計に取り組んでいます。目的は運用コスト削減です。,2025-05-22,2026-09-25
50,医療情報システム導入,"当プロジェクトではチームマネジメントやリファクタリングなどに取り組んでいる。
[主な作業]
チームマネジメント
リファクタリング
アーキテクチャ設計
レビュー",2024-01-25,2025-08-01
51,動画配信サービス構築,"当プロジェクトではデータ分析や自動テスト導入などに取り組んでいる。
[実施内容]
データ分析
自動テスト導入
チームマネジメント
リファクタリング",2025-11-01,
52,ブロックチェーン開発改善,"当プロジェクトでは要件分析やクラウド移行などに取り組んでいる。
[実施内容]
要件分析
クラウド移行
リファクタリング
運用保守",2024-04-29,2025-10-21
53,SNSアプリ実装,技術選定や設計レビューを行っている。また、ドキュメント作成、デプロイやクラウド移行にも取り組んでいる。,2024-06-28,2024-09-15
54,音声認識システム改善,当プロジェクトでは技術選定、テストやパフォーマンス改善に取り組んでいる。目的は開発効率向上である。,2024-12-08,
55,音声認識システム構築,現在進行中の案件においてはUI/UX設計、システム設計、自動テスト導入、チームマネジメント、クラウド移行やアーキテクチャ設計に取り組んでいます。目的はユーザー満足度向上です。,2025-11-05,
56,医療情報システム実装,"当プロジェクトでは自動テスト導入や運用保守などに取り組んでいます。
[主な業務]
自動テスト導入
運用保守
CI/CD構築
クラウド移行
コーディング
これらの取り組みにより、コスト削減を目指しています。",2025-11-10,2026-12-31
57,在庫管理システム設計,"本プロジェクトではアーキテクチャ設計やコーディングなどに取り組んでいる。
[実施内容]
アーキテクチャ設計
コーディング
運用保守
クラウド移行
セキュリティ強化",2024-10-07,2025-10-27
58,ニュース配信アプリ実装,インフラ構築、レビューやアーキテクチャ設計などの開発に取り組んでいます。,2024-04-19,
59,SNSアプリ導入,"このプロジェクトではタスク管理や自動テスト導入などに取り組んでいます。
[主な作業]
タスク管理
自動テスト導入
システム設計
要件定義
データベース設計
これらの取り組みにより、リリースサイクルの短縮を目指しています。",2024-03-08,
60,チャットボット構築,このプロジェクトではタスク管理、データベース設計、ドキュメント作成、CI/CD構築や実装に取り組んでいます。,2024-11-06,2025-02-04
61,グルメレビューアプリ導入,UI/UX設計、技術選定、システム設計、データ分析、レビューや実装などの開発に取り組んでいる。目指しているのはレスポンス時間短縮である。,2024-05-09,
62,ECプラットフォーム実装,当プロジェクトではデータ分析、UI/UX設計や自動テスト導入に取り組んでいます。目的はレスポンス時間短縮です。,2024-11-29,
63,クラウド移行プロジェクト実装,"現プロジェクトにおいてチームマネジメントや実装などに取り組んでいる。
[主な作業]
チームマネジメント
実装
セキュリティ強化
パフォーマンス改善
CI/CD構築
レビュー
これらの取り組みにより、ユーザー満足度向上を目指している。",2024-05-23,
64,セキュリティ強化プロジェクト改善,現プロジェクトにおいてUI/UX設計、アーキテクチャ設計、自動テスト導入や運用保守に取り組んでいる。目的はバグ発生率低減である。,2024-06-12,2026-01-06
65,ニュース配信アプリ設計,技術選定や設計レビューを行っています。また、ドキュメント作成、テスト、クラウド移行、UI/UX設計、データ分析や実装にも取り組んでいます。目指しているのは品質改善です。,2024-03-04,2024-10-30
66,データ分析基盤改善,"本プロジェクトではCI/CD構築や要件定義などに取り組んでいる。
[実施内容]
CI/CD構築
要件定義
リファクタリング",2024-02-12,
67,クラウド移行プロジェクト構築,本プロジェクトではシステム設計、運用保守、要件定義や要件分析に取り組んでいる。目的はレスポンス時間短縮である。,2025-11-08,2026-12-31
68,機械学習モデル開発導入,本プロジェクトではCI/CD構築、テスト、ドキュメント作成、データベース設計、実装やデプロイに取り組んでいる。目的は品質改善である。,2024-11-05,2025-06-15
69,サブスク管理サービス改善,技術選定や設計レビューを行っています。目指しているのは運用コスト削減です。,2024-12-04,
70,顧客管理システム設計,システム設計や実装を中心に行っています。目指しているのは品質改善です。,2024-02-11,
71,チャットボット改善,"このプロジェクトではパフォーマンス改善やテストなどに取り組んでいます。
[主な業務]
パフォーマンス改善
テスト
セキュリティ強化
これらの取り組みにより、ユーザー満足度向上を目指しています。",2024-02-09,
72,ブロックチェーン開発構築,当プロジェクトではCI/CD構築、レビュー、運用保守、チームマネジメントやタスク管理に取り組んでいる。,2025-09-04,2026-01-10
73,健康管理アプリ構築,"現在進行中の案件においてはチームマネジメントやUI/UX設計などに取り組んでいます。
[主な作業]
チームマネジメント
UI/UX設計
実装
テスト
運用保守
パフォーマンス改善
これらの取り組みにより、運用コスト削減を目指しています。",2024-02-21,
74,金融システム実装,現プロジェクトにおいて運用保守、技術選定、リファクタリング、CI/CD構築、データ分析やインフラ構築に取り組んでいる。,2024-09-14,
75,セキュリティ強化プロジェクト設計,"現在進行中の案件においてはレビューやデプロイなどに取り組んでいます。
[主な作業]
レビュー
デプロイ
アーキテクチャ設計",2024-04-05,2025-09-24
76,動画配信サービス設計,システム設計や実装を中心に行っている。目指しているのは開発効率向上である。,2025-06-24,
77,チャットボット設計,主な業務はデータ分析、アーキテクチャ設計、チームマネジメント、タスク管理、自動テスト導入やデプロイです。目指しているのは運用コスト削減です。,2025-05-12,
78,音声認識システム開発,本プロジェクトでは技術選定、要件定義、CI/CD構築や運用保守に取り組んでいる。,2025-05-06,2026-10-14
79,機械学習モデル開発開発,要件分析、レビュー、コーディングやUI/UX設計などの開発に取り組んでいます。,2024-06-28,
80,画像認識システム導入,このプロジェクトではテスト、自動テスト導入、要件定義やデータ分析に取り組んでいます。,2024-02-13,2024-08-09
81,画像認識システム改善,"現在進行中の案件においてはデータ分析や技術選定などに取り組んでいます。
[主な作業]
データ分析
技術選定
コーディング
ドキュメント作成
レビュー
これらの取り組みにより、品質改善を目指しています。",2024-04-03,2024-08-27
82,AIチャットボット設計,このプロジェクトでは要件分析、システム設計、データベース設計やインフラ構築に取り組んでいます。目的は品質改善です。,2025-03-09,
83,顧客管理システム実装,CI/CD構築、データベース設計、アーキテクチャ設計、デプロイ、チームマネジメントやテストなどの開発に取り組んでいる。目指しているのは運用コスト削減である。,2025-04-07,2026-08-24
84,データ分析基盤設計,コーディング、インフラ構築、リファクタリング、クラウド移行、運用保守やチームマネジメントなどの開発に取り組んでいる。,2025-05-10,2025-12-04
85,健康管理アプリ設計,本プロジェクトではシステム設計、チームマネジメントやパフォーマンス改善に取り組んでいる。,2025-05-07,
86,ニュース配信アプリ構築,当プロジェクトでは実装、CI/CD構築やチームマネジメントに取り組んでいる。,2024-01-24,2024-08-30
87,物流管理システム構築,"当プロジェクトではパフォーマンス改善やシステム設計などに取り組んでいます。
[主な作業]
パフォーマンス改善
システム設計
技術選定
データベース設計
これらの取り組みにより、品質改善を目指しています。",2025-02-18,2026-07-17
88,金融システム導入,主な業務はコーディング、デプロイ、UI/UX設計、インフラ構築やレビューです。,2024-03-26,
89,音声認識システム導入,主な業務は技術選定、実装、システム設計や自動テスト導入です。目指しているのはレスポンス時間短縮です。,2025-04-02,2026-12-31
90,顧客管理システム改善,システム設計や実装を中心に行っています。また、データベース設計、データ分析、コーディングやパフォーマンス改善にも取り組んでいます。目指しているのは運用コスト削減です。,2024-03-11,2025-06-06
91,旅行予約システム導入,現プロジェクトにおいてコーディング、チームマネジメント、テスト、要件定義、UI/UX設計やシステム設計に取り組んでいる。目的はレスポンス時間短縮である。,2025-08-24,2026-03-07
92,eラーニングシステム開発,主な業務はレビュー、自動テスト導入、アーキテクチャ設計やUI/UX設計です。目指しているのはバグ発生率低減です。,2025-03-09,2025-05-18
93,データ分析基盤構築,要件定義、アーキテクチャ設計、パフォーマンス改善、タスク管理やクラウド移行などの開発に取り組んでいる。,2024-11-11,
94,セキュリティ強化プロジェクト構築,当プロジェクトでは技術選定、要件定義、データ分析、デプロイやCI/CD構築に取り組んでいる。目的は性能向上である。,2024-01-20,
95,旅行予約システム構築,システム設計や実装を中心に行っています。,2025-06-30,2026-11-25
96,ECプラットフォーム構築,現プロジェクトにおいてレビュー、UI/UX設計、データベース設計、リファクタリングやパフォーマンス改善に取り組んでいる。,2025-03-07,
97,BIツール導入実装,現在進行中の案件においては実装、要件定義やコーディングに取り組んでいます。,2025-09-09,
98,画像認識システム実装,技術選定や設計レビューを行っている。,2025-08-12,2026-11-21
99,データレイク構築実装,現プロジェクトにおいてアーキテクチャ設計、自動テスト導入、コーディングやドキュメント作成に取り組んでいる。,2025-02-24,
100,IoTプラットフォーム導入,当プロジェクトではテスト、デプロイ、アーキテクチャ設計、チームマネジメント、運用保守や要件分析に取り組んでいる。目的は運用コスト削減である。,2025-10-18,
101,教育向けアプリ改善,技術選定や設計レビューを行っている。,2024-07-24,
102,旅行予約システム改善,技術選定や設計レビューを行っています。,2024-10-16,
103,AIチャットボット導入,クラウド移行、要件分析、パフォーマンス改善、運用保守やタスク管理などの開発に取り組んでいます。目指しているのはユーザー満足度向上です。,2024-06-06,2025-06-07
104,医療情報システム構築,運用保守、タスク管理、リファクタリング、コーディング、インフラ構築や実装などの開発に取り組んでいる。目指しているのはレスポンス時間短縮である。,2025-04-15,
105,ニュース配信アプリ導入,当プロジェクトではテスト、リファクタリング、CI/CD構築、コーディング、ドキュメント作成やパフォーマンス改善に取り組んでいる。,2024-05-28,2026-02-07
106,物流管理システム実装,主な業務はレビュー、リファクタリング、アーキテクチャ設計や要件分析です。,2024-10-17,2026-04-29
107,サブスク管理サービス導入,技術選定や設計レビューを行っている。,2024-01-11,2025-10-16
108,金融システム設計,"現プロジェクトにおいてシステム設計やリファクタリングなどに取り組んでいる。
[実施内容]
システム設計
リファクタリング
クラウド移行
タスク管理
これらの取り組みにより、リリースサイクルの短縮を目指している。",2025-07-31,
109,顧客管理システム導入,本プロジェクトではレビュー、パフォーマンス改善、インフラ構築、運用保守、アーキテクチャ設計やセキュリティ強化に取り組んでいる。目的はリリースサイクルの短縮である。,2025-08-30,2026-12-31
110,クラウド移行プロジェクト設計,このプロジェクトではチームマネジメント、リファクタリング、実装やUI/UX設計に取り組んでいます。目的は品質改善です。,2025-09-03,
111,画像認識システム構築,このプロジェクトでは運用保守、パフォーマンス改善、技術選定やレビューに取り組んでいます。,2025-01-10,2026-09-09
112,顧客管理システム構築,主な業務はクラウド移行、インフラ構築、実装やCI/CD構築です。目指しているのはユーザー満足度向上です。,2024-04-06,
113,ECプラットフォーム改善,技術選定や設計レビューを行っている。目指しているのは品質改善である。,2025-10-20,
114,ニュース配信アプリ開発,本プロジェクトでは運用保守、テスト、データベース設計、セキュリティ強化やデータ分析に取り組んでいる。目的はユーザビリティ向上である。,2024-05-03,2025-04-21
115,チャットボット導入,"本プロジェクトではコーディングやパフォーマンス改善などに取り組んでいる。
[主な作業]
コーディング
パフォーマンス改善
リファクタリング
テスト
レビュー",2025-05-24,
116,画像認識システム設計,当プロジェクトではコーディング、チームマネジメントやデータ分析に取り組んでいる。目的は品質改善である。,2025-04-05,
117,在庫管理システム改善,技術選定や設計レビューを行っています。また、アーキテクチャ設計、ドキュメント作成、パフォーマンス改善、リファクタリング、UI/UX設計や要件定義にも取り組んでいます。目指しているのはリリースサイクルの短縮です。,2025-07-08,
118,健康管理アプリ導入,"当プロジェクトでは要件定義や要件分析などに取り組んでいます。
[主な業務]
要件定義
要件分析
レビュー
アーキテクチャ設計
これらの取り組みにより、品質改善を目指しています。",2025-01-28,2025-08-13
119,不動産プラットフォーム設計,"本プロジェクトでは実装やタスク管理などに取り組んでいる。
[実施内容]
実装
タスク管理
チームマネジメント
運用保守
テスト
これらの取り組みにより、リリースサイクルの短縮を目指している。",2025-05-18,
120,サブスク管理サービス設計,システム設計や実装を中心に行っている。また、運用保守、システム設計、アーキテクチャ設計、ドキュメント作成、自動テスト導入やリファクタリングにも取り組んでいる。,2024-03-17,
121,金融システム構築,現プロジェクトにおいてデータ分析、テストやドキュメント作成に取り組んでいる。,2024-07-02,2025-07-30
122,データ分析基盤実装,主な業務は運用保守、インフラ構築、システム設計、リファクタリング、タスク管理やアーキテクチャ設計である。目指しているのはユーザビリティ向上である。,2024-10-06,2025-02-20
123,データレイク構築導入,技術選定や設計レビューを行っています。目指しているのは品質改善です。,2025-09-14,
124,機械学習モデル開発構築,"現在進行中の案件においてはデータ分析やテストなどに取り組んでいます。
[主な作業]
データ分析
テスト
データベース設計
クラウド移行",2024-06-04,2026-02-17
125,動画配信サービス導入,"本プロジェクトではレビューやインフラ構築などに取り組んでいる。
[主な業務]
レビュー
インフラ構築
実装
テスト
チームマネジメント
クラウド移行
これらの取り組みにより、リリースサイクルの短縮を目指している。",2025-01-10,
126,IoTプラットフォーム開発,"現プロジェクトにおいて要件定義やUI/UX設計などに取り組んでいる。
[実施内容]
要件定義
UI/UX設計
セキュリティ強化
これらの取り組みにより、レスポンス時間短縮を目指している。",2025-07-03,
127,物流管理システム設計,本プロジェクトではCI/CD構築、インフラ構築、自動テスト導入、技術選定やクラウド移行に取り組んでいる。目的は性能向上である。,2024-05-28,
128,教育向けアプリ構築,現在進行中の案件においてはデータベース設計、CI/CD構築、ドキュメント作成やデプロイに取り組んでいます。,2025-04-19,
129,グルメレビューアプリ設計,"現プロジェクトにおいてテストや要件定義などに取り組んでいる。
[主な業務]
テスト
要件定義
データベース設計",2024-05-12,2025-10-02
130,画像認識システム開発,技術選定や設計レビューを行っている。また、アーキテクチャ設計、デプロイ、データ分析、レビューやチームマネジメントにも取り組んでいる。,2024-09-11,
131,予約管理システム導入,本プロジェクトでは運用保守、パフォーマンス改善、クラウド移行やリファクタリングに取り組んでいる。,2024-11-30,
132,旅行予約システム開発,システム設計や実装を中心に行っています。また、コーディング、技術選定、実装やクラウド移行にも取り組んでいます。,2024-09-03,2025-03-29
133,ECプラットフォーム開発,このプロジェクトではタスク管理、技術選定、要件分析、要件定義、クラウド移行やリファクタリングに取り組んでいます。,2025-01-25,
134,SNSアプリ構築,"現在進行中の案件においてはアーキテクチャ設計や実装などに取り組んでいます。
[主な作業]
アーキテクチャ設計
実装
レビュー
要件分析
ドキュメント作成
これらの取り組みにより、品質改善を目指しています。",2025-04-23,2025-09-23
135,ニュース配信アプリ設計,"当プロジェクトではリファクタリングやコーディングなどに取り組んでいる。
[主な業務]
リファクタリング
コーディング
クラウド移行
UI/UX設計
これらの取り組みにより、運用コスト削減を目指している。",2024-10-24,2025-12-29
136,SNSアプリ開発,技術選定や設計レビューを行っています。また、要件分析、リファクタリング、テスト、コーディング、チームマネジメントやUI/UX設計にも取り組んでいます。,2024-06-30,
137,健康管理アプリ改善,技術選定や設計レビューを行っています。また、デプロイ、CI/CD構築、コーディング、アーキテクチャ設計、セキュリティ強化やタスク管理にも取り組んでいます。目指しているのはレスポンス時間短縮です。,2024-01-23,2025-11-05
138,クラウド移行プロジェクト改善,当プロジェクトでは要件分析、技術選定やデータベース設計に取り組んでいる。,2025-08-05,2026-02-01
139,IoTプラットフォーム設計,"現在進行中の案件においてはタスク管理やレビューなどに取り組んでいます。
[主な業務]
タスク管理
レビュー
データ分析
セキュリティ強化
運用保守
CI/CD構築",2024-12-01,
140,eラーニングシステム設計,技術選定や設計レビューを行っている。,2024-03-01,
141,データ分析基盤導入,現プロジェクトにおいてアーキテクチャ設計、データ分析やデプロイに取り組んでいる。目的はリリースサイクルの短縮である。,2024-12-17,
142,IoTプラットフォーム実装,"本プロジェクトでは技術選定や実装などに取り組んでいる。
[主な作業]
技術選定
実装
デプロイ
チームマネジメント
パフォーマンス改善",2025-04-12,
143,金融システム改善,インフラ構築、チームマネジメント、タスク管理、システム設計やドキュメント作成などの開発に取り組んでいます。目指しているのは開発効率向上です。,2025-08-21,
144,医療情報システム改善,技術選定や設計レビューを行っています。目指しているのはレスポンス時間短縮です。,2024-06-09,
145,HRテックサービス設計,現プロジェクトにおいてレビュー、要件定義、インフラ構築、UI/UX設計、運用保守やシステム設計に取り組んでいる。,2025-02-20,2025-07-28
146,eラーニングシステム導入,"現在進行中の案件においては運用保守やドキュメント作成などに取り組んでいます。
[主な作業]
運用保守
ドキュメント作成
自動テスト導入
クラウド移行
これらの取り組みにより、リリースサイクルの短縮を目指しています。",2024-08-12,
147,セキュリティ強化プロジェクト導入,"このプロジェクトではデプロイやセキュリティ強化などに取り組んでいます。
[主な業務]
デプロイ
セキュリティ強化
チームマネジメント
運用保守
これらの取り組みにより、運用コスト削減を目指しています。",2025-07-05,2025-09-07
148,機械学習モデル開発実装,"現在進行中の案件においては運用保守やデプロイなどに取り組んでいます。
[主な業務]
運用保守
デプロイ
アーキテクチャ設計",2025-03-30,2025-12-19
149,SNSアプリ設計,"現プロジェクトにおいてアーキテクチャ設計やクラウド移行などに取り組んでいる。
[主な業務]
アーキテクチャ設計
クラウド移行
パフォーマンス改善",2025-09-04,
150,IoTプラットフォーム構築,現在進行中の案件においてはインフラ構築、CI/CD構築や実装に取り組んでいます。目的はレスポンス時間短縮です。,2024-04-06,2025-11-06
151,医療情報システム開発,"このプロジェクトではシステム設計や要件定義などに取り組んでいます。
[実施内容]
システム設計
要件定義
タスク管理
ドキュメント作成",2024-12-02,
152,グルメレビューアプリ改善,当プロジェクトではタスク管理、リファクタリング、UI/UX設計や運用保守に取り組んでいます。,2025-04-25,
153,データレイク構築設計,"当プロジェクトでは要件分析や運用保守などに取り組んでいます。
[主な業務]
要件分析
運用保守
要件定義
コーディング",2025-03-26,2025-07-25
154,機械学習モデル開発構築,"現プロジェクトにおいて実装やチームマネジメントなどに取り組んでいる。
[実施内容]
実装
チームマネジメント
コーディング
運用保守",2024-03-18,
155,ECプラットフォーム改善,当プロジェクトではパフォーマンス改善、コーディング、運用保守やCI/CD構築に取り組んでいる。目的はレスポンス時間短縮である。,2025-06-10,
156,予約管理システム実装,現在進行中の案件においてはチームマネジメント、自動テスト導入、システム設計、要件分析やデータ分析に取り組んでいます。,2025-01-12,
157,BIツール導入設計,本プロジェクトでは運用保守、データベース設計、デプロイやリファクタリングに取り組んでいる。目的は運用コスト削減である。,2024-08-10,
158,機械学習モデル開発設計,主な業務はデータ分析、システム設計や要件分析です。目指しているのはレスポンス時間短縮です。,2024-01-04,
159,健康管理アプリ開発,システム設計や実装を中心に行っています。目指しているのはコスト削減です。,2024-08-12,
160,BIツール導入改善,主な業務はCI/CD構築、UI/UX設計やデータ分析です。目指しているのはユーザビリティ向上です。,2024-04-14,
161,金融システム実装,当プロジェクトではドキュメント作成、パフォーマンス改善、デプロイ、テストや要件定義に取り組んでいる。目的はレスポンス時間短縮である。,2025-08-31,
162,BIツール導入開発,当プロジェクトではデータベース設計、技術選定やタスク管理に取り組んでいます。目的はレスポンス時間短縮です。,2024-11-25,2026-06-07
163,BIツール導入構築,システム設計や実装を中心に行っています。また、データ分析、システム設計、レビューやCI/CD構築にも取り組んでいます。,2024-02-09,
164,物流管理システム開発,現在進行中の案件においてはドキュメント作成、インフラ構築、アーキテクチャ設計、チームマネジメントや要件定義に取り組んでいます。目的は性能向上です。,2024-12-28,2025-09-26
165,ECプラットフォーム設計,"このプロジェクトではデータ分析やチームマネジメントなどに取り組んでいます。
[実施内容]
データ分析
チームマネジメント
技術選定
CI/CD構築
アーキテクチャ設計
自動テスト導入
これらの取り組みにより、ユーザー満足度向上を目指しています。",2024-02-17,2024-06-15
166,音声認識システム設計,当プロジェクトではデプロイ、技術選定、タスク管理、チームマネジメント、運用保守やテストに取り組んでいる。目的はコスト削減である。,2025-08-27,
167,データ分析基盤改善,テスト、自動テスト導入、UI/UX設計、タスク管理やレビューなどの開発に取り組んでいます。目指しているのはリリースサイクルの短縮です。,2025-06-03,2026-12-31
168,機械学習モデル開発改善,"現在進行中の案件においては要件定義やデプロイなどに取り組んでいます。
[主な業務]
要件定義
デプロイ
アーキテクチャ設計
これらの取り組みにより、バグ発生率低減を目指しています。",2024-10-22,
169,グルメレビューアプリ構築,"現在進行中の案件においてはセキュリティ強化やチームマネジメントなどに取り組んでいます。
[主な作業]
セキュリティ強化
チームマネジメント
アーキテクチャ設計
自動テスト導入
これらの取り組みにより、品質改善を目指しています。",2024-03-31,2025-08-30
170,予約管理システム設計,このプロジェクトではセキュリティ強化、システム設計、タスク管理やレビューに取り組んでいます。,2024-01-02,2025-10-13
171,セキュリティ強化プロジェクト開発,このプロジェクトでは自動テスト導入、タスク管理、コーディングやドキュメント作成に取り組んでいます。目的はユーザー満足度向上です。,2025-10-11,2026-12-31
172,ニュース配信アプリ改善,テスト、クラウド移行、運用保守、デプロイ、要件定義やアーキテクチャ設計などの開発に取り組んでいます。,2024-01-10,2025-12-08
173,医療情報システム改善,"現プロジェクトにおいてテストやUI/UX設計などに取り組んでいる。
[主な作業]
テスト
UI/UX設計
実装
ドキュメント作成
デプロイ
要件分析",2024-05-20,2025-07-19
174,データレイク構築改善,技術選定や設計レビューを行っている。また、システム設計、運用保守、データ分析や技術選定にも取り組んでいる。目指しているのはコスト削減である。,2024-01-16,2024-06-24
175,予約管理システム開発,主な業務は技術選定、CI/CD構築、ドキュメント作成、デプロイ、データ分析やリファクタリングである。目指しているのはバグ発生率低減である。,2025-07-04,
176,予約管理システム改善,実装、チームマネジメントやタスク管理などの開発に取り組んでいる。目指しているのは品質改善である。,2024-05-19,2024-11-12
177,データレイク構築開発,当プロジェクトでは実装、デプロイ、パフォーマンス改善や技術選定に取り組んでいる。,2024-05-06,
178,ブロックチェーン開発導入,"現在進行中の案件においてはデプロイやアーキテクチャ設計などに取り組んでいます。
[主な作業]
デプロイ
アーキテクチャ設計
技術選定
これらの取り組みにより、ユーザー満足度向上を目指しています。",2025-08-28,2026-02-17
179,データ分析基盤開発,"当プロジェクトではリファクタリングやシステム設計などに取り組んでいる。
[実施内容]
リファクタリング
システム設計
タスク管理
要件分析
技術選定",2024-02-16,
180,IoTプラットフォーム改善,このプロジェクトではシステム設計、CI/CD構築やタスク管理に取り組んでいます。,2025-02-07,2026-10-22
181,HRテックサービス開発,当プロジェクトではコーディング、システム設計、データベース設計、インフラ構築、技術選定やUI/UX設計に取り組んでいます。目的はコスト削減です。,2024-05-20,
182,AIチャットボット構築,本プロジェクトでは要件分析、運用保守やUI/UX設計に取り組んでいる。,2024-11-22,
183,HRテックサービス実装,システム設計や実装を中心に行っています。,2024-02-02,
184,物流管理システム導入,技術選定や設計レビューを行っています。,2024-11-12,
185,不動産プラットフォーム構築,主な業務は実装、要件分析、CI/CD構築、レビューやタスク管理である。目指しているのは品質改善である。,2025-05-10,
186,音声認識システム開発,本プロジェクトではアーキテクチャ設計、データ分析やセキュリティ強化に取り組んでいる。目的は品質改善である。,2025-04-12,
187,SNSアプリ改善,主な業務はチームマネジメント、実装やセキュリティ強化である。,2025-04-08,
188,健康管理アプリ設計,当プロジェクトでは運用保守、データベース設計、要件定義、UI/UX設計やシステム設計に取り組んでいる。目的は性能向上である。,2024-01-10,2025-04-24
189,ニュース配信アプリ構築,このプロジェクトではアーキテクチャ設計、セキュリティ強化、データ分析やUI/UX設計に取り組んでいます。,2025-08-12,2026-12-16
190,金融システム構築,主な業務は自動テスト導入、UI/UX設計やデプロイである。目指しているのはリリースサイクルの短縮である。,2024-06-28,
191,画像認識システム開発,当プロジェクトではデータ分析、タスク管理、システム設計やセキュリティ強化に取り組んでいます。目的はユーザビリティ向上です。,2024-11-14,
192,クラウド移行プロジェクト実装,技術選定や設計レビューを行っています。目指しているのは開発効率向上です。,2025-03-18,2026-02-09
193,画像認識システム実装,本プロジェクトでは要件分析、運用保守、リファクタリングやレビューに取り組んでいる。目的は品質改善である。,2024-06-14,
194,画像認識システム実装,現プロジェクトにおいてシステム設計、技術選定、ドキュメント作成、クラウド移行、テストやリファクタリングに取り組んでいる。,2025-09-04,
195,顧客管理システム改善,主な業務はデータ分析、アーキテクチャ設計、デプロイ、UI/UX設計や運用保守である。目指しているのはユーザー満足度向上である。,2025-03-25,
196,予約管理システム構築,"本プロジェクトではセキュリティ強化やコーディングなどに取り組んでいる。
[実施内容]
セキュリティ強化
コーディング
チームマネジメント
実装
タスク管理
リファクタリング
これらの取り組みにより、運用コスト削減を目指している。",2025-08-12,2026-11-01
197,データレイク構築導入,"本プロジェクトではチームマネジメントや実装などに取り組んでいる。
[実施内容]
チームマネジメント
実装
デプロイ
技術選定
インフラ構築
これらの取り組みにより、品質改善を目指している。",2024-09-09,2026-05-02
198,IoTプラットフォーム構築,"当プロジェクトではセキュリティ強化やタスク管理などに取り組んでいる。
[主な業務]
セキュリティ強化
タスク管理
CI/CD構築
インフラ構築
これらの取り組みにより、コスト削減を目指している。",2025-04-05,2026-07-30
199,機械学習モデル開発開発,"現プロジェクトにおいてシステム設計やインフラ構築などに取り組んでいる。
[実施内容]
システム設計
インフラ構築
ドキュメント作成
これらの取り組みにより、レスポンス時間短縮を目指している。",2024-03-31,2025-09-06
200,サブスク管理サービス開発,当プロジェクトではタスク管理、アーキテクチャ設計、実装、レビューやインフラ構築に取り組んでいる。,2025-07-28,2026-03-15
201,ニュース配信アプリ導入,"当プロジェクトではアーキテクチャ設計やレビューなどに取り組んでいる。
[主な業務]
アーキテクチャ設計
レビュー
チームマネジメント",2024-06-27,
202,教育向けアプリ開発,システム設計や実装を中心に行っています。,2024-07-02,
203,eラーニングシステム実装,現プロジェクトにおいてタスク管理、要件定義やクラウド移行に取り組んでいる。,2024-02-28,
204,ニュース配信アプリ設計,"現プロジェクトにおいてデータ分析や要件定義などに取り組んでいる。
[主な業務]
データ分析
要件定義
技術選定
レビュー
テスト
これらの取り組みにより、コスト削減を目指している。",2025-09-17,2026-01-31
205,医療情報システム開発,当プロジェクトではドキュメント作成、要件定義、アーキテクチャ設計、自動テスト導入やシステム設計に取り組んでいる。目的はユーザー満足度向上である。,2025-06-20,2026-07-08
206,IoTプラットフォーム設計,本プロジェクトではパフォーマンス改善、テスト、運用保守や技術選定に取り組んでいる。,2025-03-24,2026-05-10
207,グルメレビューアプリ設計,当プロジェクトではインフラ構築、技術選定やアーキテクチャ設計に取り組んでいます。目的はレスポンス時間短縮です。,2025-06-18,2026-12-31
208,クラウド移行プロジェクト実装,当プロジェクトではレビュー、チームマネジメント、UI/UX設計、技術選定や実装に取り組んでいます。目的はリリースサイクルの短縮です。,2025-08-14,
209,SNSアプリ実装,"当プロジェクトではセキュリティ強化やCI/CD構築などに取り組んでいます。
[主な作業]
セキュリティ強化
CI/CD構築
レビュー
運用保守",2025-01-03,
210,音声認識システム導入,システム設計や実装を中心に行っている。,2024-11-13,
211,セキュリティ強化プロジェクト導入,本プロジェクトではクラウド移行、タスク管理、システム設計、リファクタリングや自動テスト導入に取り組んでいる。,2025-02-17,2025-07-19
212,BIツール導入導入,当プロジェクトではデータ分析、コーディングやUI/UX設計に取り組んでいます。目的はレスポンス時間短縮です。,2024-02-21,
213,チャットボット改善,技術選定や設計レビューを行っています。目指しているのは品質改善です。,2024-02-27,
214,画像認識システム開発,本プロジェクトではタスク管理、チームマネジメントやパフォーマンス改善に取り組んでいる。,2024-08-01,
215,チャットボット導入,"本プロジェクトではクラウド移行やパフォーマンス改善などに取り組んでいる。
[主な作業]
クラウド移行
パフォーマンス改善
技術選定
リファクタリング
タスク管理",2025-06-22,2026-01-05
216,AIチャットボット改善,本プロジェクトでは自動テスト導入、実装、チームマネジメントやコーディングに取り組んでいる。,2025-04-22,2026-08-29
217,不動産プラットフォーム改善,技術選定、システム設計、セキュリティ強化、パフォーマンス改善、タスク管理やテストなどの開発に取り組んでいる。目指しているのはレスポンス時間短縮である。,2024-07-20,
218,在庫管理システム実装,当プロジェクトでは要件分析、データベース設計やタスク管理に取り組んでいる。目的はレスポンス時間短縮である。,2024-07-01,
219,画像認識システム実装,本プロジェクトではパフォーマンス改善、コーディング、アーキテクチャ設計、UI/UX設計やセキュリティ強化に取り組んでいる。目的は開発効率向上である。,2024-12-18,2026-09-13
220,グルメレビューアプリ改善,現プロジェクトにおいて要件定義、インフラ構築、コーディング、リファクタリング、タスク管理やシステム設計に取り組んでいる。,2025-07-11,
221,サブスク管理サービス開発,CI/CD構築、技術選定やセキュリティ強化などの開発に取り組んでいます。,2024-07-21,
222,機械学習モデル開発設計,"本プロジェクトでは要件定義やコーディングなどに取り組んでいる。
[主な業務]
要件定義
コーディング
テスト",2024-05-10,
223,音声認識システム開発,主な業務はテスト、コーディング、データ分析やデータベース設計である。,2025-10-04,2026-12-31
224,BIツール導入実装,タスク管理、チームマネジメント、UI/UX設計、テスト、システム設計やパフォーマンス改善などの開発に取り組んでいます。,2024-02-03,
225,eラーニングシステム構築,本プロジェクトでは実装、レビューやアーキテクチャ設計に取り組んでいる。,2025-02-15,
226,顧客管理システム構築,技術選定や設計レビューを行っている。また、インフラ構築、自動テスト導入、セキュリティ強化、パフォーマンス改善やリファクタリングにも取り組んでいる。目指しているのはバグ発生率低減である。,2025-09-28,
227,ブロックチェーン開発改善,"現プロジェクトにおいてチームマネジメントやクラウド移行などに取り組んでいる。
[主な作業]
チームマネジメント
クラウド移行
タスク管理",2024-04-25,2025-05-13
228,旅行予約システム開発,当プロジェクトではリファクタリング、要件定義、運用保守、セキュリティ強化や技術選定に取り組んでいます。,2024-09-28,2026-04-24
229,健康管理アプリ導入,システム設計や実装を中心に行っている。また、ドキュメント作成、セキュリティ強化、データ分析、CI/CD構築やコーディングにも取り組んでいる。目指しているのはリリースサイクルの短縮である。,2025-10-31,
230,医療情報システム開発,本プロジェクトではアーキテクチャ設計、要件分析、セキュリティ強化や運用保守に取り組んでいる。目的は運用コスト削減である。,2024-07-11,
231,ECプラットフォーム設計,"このプロジェクトではUI/UX設計やCI/CD構築などに取り組んでいます。
[実施内容]
UI/UX設計
CI/CD構築
テスト",2024-12-15,
232,ブロックチェーン開発開発,"当プロジェクトではセキュリティ強化やチームマネジメントなどに取り組んでいます。
[主な作業]
セキュリティ強化
チームマネジメント
データ分析
インフラ構築
技術選定
データベース設計",2024-12-24,
233,ニュース配信アプリ開発,"当プロジェクトではデータ分析やアーキテクチャ設計などに取り組んでいます。
[主な業務]
データ分析
アーキテクチャ設計
システム設計
運用保守
セキュリティ強化
実装
これらの取り組みにより、レスポンス時間短縮を目指しています。",2024-05-02,2025-08-24
234,健康管理アプリ開発,システム設計や実装を中心に行っている。また、クラウド移行、チームマネジメント、アーキテクチャ設計、パフォーマンス改善やCI/CD構築にも取り組んでいる。目指しているのはユーザー満足度向上である。,2024-09-28,
235,顧客管理システム構築,現在進行中の案件においてはデータベース設計、クラウド移行、デプロイ、リファクタリングやチームマネジメントに取り組んでいます。目的は運用コスト削減です。,2024-03-16,2025-07-01
236,教育向けアプリ実装,当プロジェクトではパフォーマンス改善、クラウド移行やシステム設計に取り組んでいます。目的は品質改善です。,2024-11-29,
237,HRテックサービス導入,"本プロジェクトではアーキテクチャ設計や要件定義などに取り組んでいる。
[主な業務]
アーキテクチャ設計
要件定義
要件分析
UI/UX設計",2024-06-29,2025-10-24
238,動画配信サービス実装,"本プロジェクトではチームマネジメントやシステム設計などに取り組んでいる。
[実施内容]
チームマネジメント
システム設計
デプロイ
タスク管理
UI/UX設計",2024-08-19,2025-09-22
239,教育向けアプリ設計,当プロジェクトではレビュー、運用保守、データ分析や要件定義に取り組んでいます。,2024-10-23,
240,画像認識システム構築,本プロジェクトでは実装、タスク管理、デプロイやデータベース設計に取り組んでいる。目的はユーザビリティ向上である。,2025-06-21,
241,ニュース配信アプリ改善,UI/UX設計、アーキテクチャ設計、データベース設計やドキュメント作成などの開発に取り組んでいます。目指しているのは性能向上です。,2025-07-05,2026-11-22
242,予約管理システム実装,"現在進行中の案件においてはCI/CD構築やテストなどに取り組んでいます。
[実施内容]
CI/CD構築
テスト
リファクタリング
これらの取り組みにより、ユーザー満足度向上を目指しています。",2024-10-14,2025-08-04
243,サブスク管理サービス改善,システム設計や実装を中心に行っています。また、ドキュメント作成、セキュリティ強化、要件分析、レビューやパフォーマンス改善にも取り組んでいます。目指しているのは性能向上です。,2025-07-16,
244,クラウド移行プロジェクト導入,インフラ構築、データ分析やリファクタリングなどの開発に取り組んでいます。,2024-04-10,2024-11-23
245,セキュリティ強化プロジェクト導入,当プロジェクトでは実装、要件定義、チームマネジメント、アーキテクチャ設計やセキュリティ強化に取り組んでいる。,2024-04-03,2025-06-16
246,画像認識システム開発,当プロジェクトではタスク管理、UI/UX設計やテストに取り組んでいます。,2024-04-30,
247,予約管理システム設計,本プロジェクトではデータ分析、リファクタリング、実装、クラウド移行、要件分析やコーディングに取り組んでいる。目的は性能向上である。,2024-05-07,
248,SNSアプリ実装,"現プロジェクトにおいてシステム設計や運用保守などに取り組んでいる。
[主な作業]
システム設計
運用保守
セキュリティ強化",2024-05-02,
249,ニュース配信アプリ構築,"本プロジェクトでは要件分析やセキュリティ強化などに取り組んでいる。
[実施内容]
要件分析
セキュリティ強化
技術選定
アーキテクチャ設計
リファクタリング
コーディング
これらの取り組みにより、品質改善を目指している。",2025-01-16,2026-07-16
250,在庫管理システム導入,"現プロジェクトにおいてデプロイや要件定義などに取り組んでいる。
[主な業務]
デプロイ
要件定義
UI/UX設計
データ分析
リファクタリング
これらの取り組みにより、性能向上を目指している。",2025-01-20,2025-08-21
251,物流管理システム構築,当プロジェクトではUI/UX設計、技術選定、テストやレビューに取り組んでいます。目的はリリースサイクルの短縮です。,2024-06-17,2025-05-27
252,旅行予約システム導入,"本プロジェクトではシステム設計やタスク管理などに取り組んでいる。
[主な作業]
システム設計
タスク管理
アーキテクチャ設計",2024-02-25,2025-03-23
253,クラウド移行プロジェクト導入,"当プロジェクトではコーディングやデータベース設計などに取り組んでいる。
[主な業務]
コーディング
データベース設計
チームマネジメント
デプロイ",2024-12-06,2025-06-14
254,物流管理システム設計,システム設計や実装を中心に行っています。目指しているのはユーザー満足度向上です。,2025-09-19,
255,顧客管理システム開発,システム設計や実装を中心に行っています。,2024-07-16,
256,物流管理システム実装,当プロジェクトでは要件分析、ドキュメント作成、テストや自動テスト導入に取り組んでいる。目的はユーザビリティ向上である。,2024-09-23,2025-10-07
257,データ分析基盤導入,当プロジェクトではリファクタリング、アーキテクチャ設計、データ分析やセキュリティ強化に取り組んでいる。目的は品質改善である。,2025-04-07,
258,SNSアプリ改善,"現プロジェクトにおいて自動テスト導入や要件定義などに取り組んでいる。
[主な業務]
自動テスト導入
要件定義
アーキテクチャ設計
セキュリティ強化
パフォーマンス改善
システム設計",2025-01-28,
259,旅行予約システム開発,このプロジェクトではシステム設計、アーキテクチャ設計やデータベース設計に取り組んでいます。目的はリリースサイクルの短縮です。,2025-05-01,2025-12-27
260,データレイク構築導入,"このプロジェクトではデータベース設計やタスク管理などに取り組んでいます。
[実施内容]
データベース設計
タスク管理
テスト
技術選定
UI/UX設計
自動テスト導入
これらの取り組みにより、レスポンス時間短縮を目指しています。",2025-02-27,
261,ブロックチェーン開発開発,現在進行中の案件においてはタスク管理、CI/CD構築やドキュメント作成に取り組んでいます。目的は性能向上です。,2025-06-02,
262,チャットボット構築,本プロジェクトではデプロイ、タスク管理やインフラ構築に取り組んでいる。,2025-09-22,2026-12-31
263,SNSアプリ導入,現在進行中の案件においては技術選定、データ分析、要件分析、タスク管理やアーキテクチャ設計に取り組んでいます。目的は性能向上です。,2024-02-08,
264,チャットボット導入,当プロジェクトでは要件分析、デプロイ、運用保守やデータ分析に取り組んでいる。,2025-03-22,
265,音声認識システム導入,"現プロジェクトにおいて実装や自動テスト導入などに取り組んでいる。
[主な作業]
実装
自動テスト導入
パフォーマンス改善
データ分析
タスク管理",2025-11-09,2026-04-24
266,機械学習モデル開発導入,システム設計や実装を中心に行っている。また、要件分析、リファクタリング、ドキュメント作成、CI/CD構築、デプロイや技術選定にも取り組んでいる。,2024-11-30,2026-08-21
267,SNSアプリ実装,本プロジェクトではドキュメント作成、実装、アーキテクチャ設計やデータ分析に取り組んでいる。,2024-12-22,2026-02-07
268,動画配信サービス設計,"当プロジェクトではUI/UX設計やパフォーマンス改善などに取り組んでいます。
[主な作業]
UI/UX設計
パフォーマンス改善
実装
これらの取り組みにより、ユーザー満足度向上を目指しています。",2024-04-28,
269,BIツール導入開発,現プロジェクトにおいて要件分析、テスト、セキュリティ強化や自動テスト導入に取り組んでいる。目的は品質改善である。,2025-01-09,
270,SNSアプリ開発,現プロジェクトにおいて運用保守、UI/UX設計、チームマネジメントや技術選定に取り組んでいる。,2024-10-15,
271,eラーニングシステム設計,本プロジェクトではデータ分析、コーディングやドキュメント作成に取り組んでいる。,2025-05-18,2025-10-18
272,データレイク構築導入,"このプロジェクトでは要件分析やリファクタリングなどに取り組んでいます。
[主な作業]
要件分析
リファクタリング
テスト
実装
インフラ構築
チームマネジメント
これらの取り組みにより、品質改善を目指しています。",2024-01-29,
273,セキュリティ強化プロジェクト改善,このプロジェクトではシステム設計、データベース設計、コーディングやデプロイに取り組んでいます。,2025-05-24,
274,チャットボット導入,"当プロジェクトでは実装や技術選定などに取り組んでいます。
[主な作業]
実装
技術選定
自動テスト導入
これらの取り組みにより、バグ発生率低減を目指しています。",2024-09-21,2025-03-07
275,不動産プラットフォーム改善,"当プロジェクトではシステム設計や実装などに取り組んでいる。
[主な作業]
システム設計
実装
要件定義
コーディング
レビュー
セキュリティ強化
これらの取り組みにより、ユーザー満足度向上を目指している。",2025-03-01,
276,顧客管理システム実装,現プロジェクトにおいて技術選定、データベース設計、セキュリティ強化、コーディング、運用保守やパフォーマンス改善に取り組んでいる。,2024-06-12,
277,eラーニングシステム開発,技術選定や設計レビューを行っている。また、運用保守、ドキュメント作成、実装、パフォーマンス改善、アーキテクチャ設計やデプロイにも取り組んでいる。目指しているのはリリースサイクルの短縮である。,2025-01-07,2026-02-17
278,ニュース配信アプリ開発,システム設計や実装を中心に行っている。目指しているのは運用コスト削減である。,2024-11-18,
279,IoTプラットフォーム導入,"当プロジェクトではドキュメント作成やセキュリティ強化などに取り組んでいる。
[主な作業]
ドキュメント作成
セキュリティ強化
リファクタリング
コーディング
インフラ構築
自動テスト導入",2024-01-10,
280,動画配信サービス導入,当プロジェクトではCI/CD構築、チームマネジメントやレビューに取り組んでいる。目的は性能向上である。,2024-05-29,
281,物流管理システム導入,"現在進行中の案件においては要件分析や実装などに取り組んでいます。
[主な業務]
要件分析
実装
データ分析",2024-11-30,2025-10-17
282,健康管理アプリ構築,セキュリティ強化、デプロイ、UI/UX設計、クラウド移行やパフォーマンス改善などの開発に取り組んでいる。,2024-04-14,
283,教育向けアプリ開発,"現在進行中の案件においてはタスク管理やCI/CD構築などに取り組んでいます。
[主な業務]
タスク管理
CI/CD構築
インフラ構築",2025-02-21,
284,データ分析基盤開発,現在進行中の案件においてはコーディング、セキュリティ強化やデプロイに取り組んでいます。,2024-01-16,2025-05-04
285,サブスク管理サービス開発,現在進行中の案件においてはインフラ構築、テストやデータ分析に取り組んでいます。目的は開発効率向上です。,2024-06-12,
286,健康管理アプリ導入,当プロジェクトではパフォーマンス改善、実装、データベース設計、アーキテクチャ設計やインフラ構築に取り組んでいる。,2024-07-26,2026-03-14
287,顧客管理システム設計,現プロジェクトにおいて運用保守、セキュリティ強化、コーディング、インフラ構築、UI/UX設計やパフォーマンス改善に取り組んでいる。目的は開発効率向上である。,2024-05-06,
288,ECプラットフォーム導入,"本プロジェクトではアーキテクチャ設計やレビューなどに取り組んでいる。
[主な作業]
アーキテクチャ設計
レビュー
デプロイ
リファクタリング
テスト
CI/CD構築
これらの取り組みにより、レスポンス時間短縮を目指している。",2025-05-31,2026-12-03
289,セキュリティ強化プロジェクト開発,"当プロジェクトではリファクタリングやテストなどに取り組んでいます。
[主な業務]
リファクタリング
テスト
コーディング
要件分析
これらの取り組みにより、運用コスト削減を目指しています。",2025-05-19,2025-12-17
290,データ分析基盤導入,システム設計や実装を中心に行っている。また、アーキテクチャ設計、自動テスト導入や要件定義にも取り組んでいる。,2024-11-11,2026-06-28
291,教育向けアプリ設計,"現プロジェクトにおいて要件定義やテストなどに取り組んでいる。
[実施内容]
要件定義
テスト
コーディング
クラウド移行
ドキュメント作成
レビュー",2025-04-25,
292,画像認識システム実装,"当プロジェクトではコーディングやクラウド移行などに取り組んでいる。
[主な作業]
コーディング
クラウド移行
チームマネジメント
自動テスト導入
これらの取り組みにより、品質改善を目指している。",2025-01-20,
293,音声認識システム実装,当プロジェクトではインフラ構築、データ分析、UI/UX設計や要件分析に取り組んでいます。目的はレスポンス時間短縮です。,2024-09-23,2025-09-18
294,BIツール導入開発,システム設計や実装を中心に行っている。また、クラウド移行、実装、デプロイ、CI/CD構築やインフラ構築にも取り組んでいる。,2025-10-14,
295,動画配信サービス実装,システム設計や実装を中心に行っている。また、CI/CD構築、レビュー、チームマネジメント、データベース設計やシステム設計にも取り組んでいる。,2025-05-17,2026-01-06
296,動画配信サービス実装,本プロジェクトではリファクタリング、システム設計、パフォーマンス改善、CI/CD構築やインフラ構築に取り組んでいる。,2024-09-20,
297,AIチャットボット導入,アーキテクチャ設計、リファクタリングやデータ分析などの開発に取り組んでいます。目指しているのはバグ発生率低減です。,2024-07-03,
298,動画配信サービス開発,"このプロジェクトではクラウド移行やパフォーマンス改善などに取り組んでいます。
[実施内容]
クラウド移行
パフォーマンス改善
ドキュメント作成
実装
データベース設計",2025-03-22,
299,金融システム開発,現在進行中の案件においては運用保守、自動テスト導入、技術選定、コーディング、テストやパフォーマンス改善に取り組んでいます。目的は性能向上です。,2025-10-26,2026-12-31
300,IoTプラットフォーム構築,本プロジェクトでは要件定義、レビュー、CI/CD構築、セキュリティ強化や技術選定に取り組んでいる。,2024-06-11,2024-08-14
301,動画配信サービス開発,本プロジェクトではパフォーマンス改善、データ分析、タスク管理、コーディング、テストや要件定義に取り組んでいる。目的はバグ発生率低減である。,2025-02-10,2026-05-14
302,HRテックサービス設計,"当プロジェクトでは実装や自動テスト導入などに取り組んでいます。
[主な業務]
実装
自動テスト導入
データベース設計
テスト
要件分析
インフラ構築
これらの取り組みにより、運用コスト削減を目指しています。",2024-05-12,
303,金融システム実装,このプロジェクトではパフォーマンス改善、UI/UX設計、テスト、自動テスト導入や運用保守に取り組んでいます。,2024-11-25,
304,在庫管理システム実装,このプロジェクトではパフォーマンス改善、セキュリティ強化、UI/UX設計、要件定義、要件分析や技術選定に取り組んでいます。目的はユーザー満足度向上です。,2025-08-19,2026-11-30
305,機械学習モデル開発導入,"本プロジェクトでは実装や技術選定などに取り組んでいる。
[主な業務]
実装
技術選定
クラウド移行
リファクタリング
これらの取り組みにより、リリースサイクルの短縮を目指している。",2025-07-13,2026-06-06
306,セキュリティ強化プロジェクト導入,技術選定や設計レビューを行っています。目指しているのはバグ発生率低減です。,2025-06-14,2026-01-31
307,画像認識システム導入,"このプロジェクトでは要件分析やデプロイなどに取り組んでいます。
[実施内容]
要件分析
デプロイ
リファクタリング
データベース設計
自動テスト導入",2024-08-05,
308,ニュース配信アプリ設計,"現プロジェクトにおいてクラウド移行やコーディングなどに取り組んでいる。
[主な作業]
クラウド移行
コーディング
インフラ構築
テスト",2024-03-12,2025-11-24
309,チャットボット改善,現プロジェクトにおいてデプロイ、実装、リファクタリング、クラウド移行やレビューに取り組んでいる。,2025-02-24,2026-06-05
310,機械学習モデル開発開発,現在進行中の案件においてはアーキテクチャ設計、データ分析や実装に取り組んでいます。目的はコスト削減です。,2024-12-06,2026-11-06
311,動画配信サービス実装,当プロジェクトではインフラ構築、タスク管理、アーキテクチャ設計やクラウド移行に取り組んでいます。目的はコスト削減です。,2024-03-01,
312,ブロックチェーン開発実装,このプロジェクトではリファクタリング、データ分析、インフラ構築やシステム設計に取り組んでいます。目的はレスポンス時間短縮です。,2024-09-15,2025-03-26
313,AIチャットボット実装,"現プロジェクトにおいてデータ分析や技術選定などに取り組んでいる。
[実施内容]
データ分析
技術選定
チームマネジメント",2025-02-06,
314,教育向けアプリ導入,要件分析、システム設計、テスト、コーディング、アーキテクチャ設計やセキュリティ強化などの開発に取り組んでいる。目指しているのは品質改善である。,2024-10-28,2025-06-20
315,音声認識システム開発,クラウド移行、運用保守、デプロイ、リファクタリングやドキュメント作成などの開発に取り組んでいます。,2025-01-24,
316,不動産プラットフォーム設計,実装、自動テスト導入、インフラ構築やCI/CD構築などの開発に取り組んでいる。目指しているのはコスト削減である。,2025-05-19,
317,サブスク管理サービス実装,"現在進行中の案件においてはインフラ構築やUI/UX設計などに取り組んでいます。
[主な業務]
インフラ構築
UI/UX設計
パフォーマンス改善
自動テスト導入
レビュー",2025-08-03,2026-03-17
318,サブスク管理サービス導入,"このプロジェクトではリファクタリングやUI/UX設計などに取り組んでいます。
[主な作業]
リファクタリング
UI/UX設計
インフラ構築
運用保守
レビュー
データ分析",2024-08-16,
319,ニュース配信アプリ実装,"現プロジェクトにおいてコーディングやデータベース設計などに取り組んでいる。
[主な作業]
コーディング
データベース設計
レビュー
要件分析",2024-03-14,2025-06-20
320,データレイク構築導入,"現在進行中の案件においてはコーディングやチームマネジメントなどに取り組んでいます。
[実施内容]
コーディング
チームマネジメント
リファクタリング
アーキテクチャ設計
自動テスト導入
これらの取り組みにより、性能向上を目指しています。",2024-11-18,
321,ニュース配信アプリ導入,当プロジェクトでは自動テスト導入、アーキテクチャ設計、セキュリティ強化、タスク管理やインフラ構築に取り組んでいる。,2024-10-01,
322,グルメレビューアプリ実装,"本プロジェクトではパフォーマンス改善やドキュメント作成などに取り組んでいる。
[主な作業]
パフォーマンス改善
ドキュメント作成
アーキテクチャ設計
データベース設計
これらの取り組みにより、レスポンス時間短縮を目指している。",2025-06-25,
323,クラウド移行プロジェクト開発,現在進行中の案件においてはコーディング、セキュリティ強化、要件分析、要件定義、デプロイや技術選定に取り組んでいます。目的はユーザー満足度向上です。,2025-10-23,
324,グルメレビューアプリ導入,主な業務はパフォーマンス改善、タスク管理やインフラ構築である。,2024-05-23,
325,SNSアプリ導入,当プロジェクトではコーディング、レビュー、CI/CD構築、アーキテクチャ設計、クラウド移行やタスク管理に取り組んでいます。目的は開発効率向上です。,2024-03-16,2024-12-09
326,サブスク管理サービス設計,当プロジェクトでは実装、セキュリティ強化、データ分析、運用保守やレビューに取り組んでいる。目的はユーザビリティ向上である。,2024-08-17,2025-04-07
327,金融システム構築,このプロジェクトではデータ分析、アーキテクチャ設計、デプロイやチームマネジメントに取り組んでいます。,2025-03-05,
328,予約管理システム開発,現プロジェクトにおいてシステム設計、UI/UX設計、アーキテクチャ設計、タスク管理やパフォーマンス改善に取り組んでいる。,2024-04-19,2025-04-19
329,ブロックチェーン開発改善,本プロジェクトではテスト、パフォーマンス改善、タスク管理、データベース設計やデプロイに取り組んでいる。目的はユーザビリティ向上である。,2025-04-11,2026-02-26
330,AIチャットボット改善,システム設計や実装を中心に行っている。,2025-05-11,
331,在庫管理システム設計,リファクタリング、技術選定、要件分析、チームマネジメントやコーディングなどの開発に取り組んでいます。,2024-10-20,2026-08-10
332,不動産プラットフォーム導入,主な業務はアーキテクチャ設計、システム設計、クラウド移行やコーディングである。,2024-07-06,
333,BIツール導入設計,当プロジェクトではCI/CD構築、パフォーマンス改善、リファクタリング、チームマネジメント、セキュリティ強化やドキュメント作成に取り組んでいる。,2024-05-27,2025-08-18
334,セキュリティ強化プロジェクト改善,"本プロジェクトではインフラ構築やクラウド移行などに取り組んでいる。
[主な作業]
インフラ構築
クラウド移行
要件分析
データ分析
レビュー
チームマネジメント
これらの取り組みにより、リリースサイクルの短縮を目指している。",2025-08-19,2026-12-31
335,動画配信サービス実装,当プロジェクトでは要件定義、クラウド移行やUI/UX設計に取り組んでいます。,2025-03-24,
336,IoTプラットフォーム開発,システム設計や実装を中心に行っています。,2025-09-26,2026-03-29
337,IoTプラットフォーム開発,当プロジェクトでは要件定義、リファクタリング、システム設計、インフラ構築や実装に取り組んでいます。目的はレスポンス時間短縮です。,2024-07-06,2024-12-07
338,グルメレビューアプリ設計,主な業務はテスト、要件定義、CI/CD構築やチームマネジメントである。目指しているのはバグ発生率低減である。,2025-01-30,
339,機械学習モデル開発実装,"現プロジェクトにおいてテストやコーディングなどに取り組んでいる。
[主な業務]
テスト
コーディング
データベース設計
パフォーマンス改善
セキュリティ強化
システム設計",2024-04-07,
340,顧客管理システム導入,"本プロジェクトではデータ分析や技術選定などに取り組んでいる。
[主な業務]
データ分析
技術選定
UI/UX設計
要件分析
これらの取り組みにより、品質改善を目指している。",2024-10-09,
341,グルメレビューアプリ導入,システム設計や実装を中心に行っています。,2024-11-22,2025-07-05
342,不動産プラットフォーム開発,"本プロジェクトではチームマネジメントや要件定義などに取り組んでいる。
[主な作業]
チームマネジメント
要件定義
要件分析
これらの取り組みにより、バグ発生率低減を目指している。",2024-09-11,2026-03-24
343,画像認識システム改善,"現在進行中の案件においてはデータベース設計やデプロイなどに取り組んでいます。
[主な業務]
データベース設計
デプロイ
運用保守
これらの取り組みにより、ユーザビリティ向上を目指しています。",2024-04-04,2025-12-23
344,予約管理システム導入,このプロジェクトではデータ分析、セキュリティ強化、データベース設計やインフラ構築に取り組んでいます。,2024-01-13,2025-05-17
345,eラーニングシステム開発,このプロジェクトではシステム設計、ドキュメント作成、インフラ構築、セキュリティ強化やコーディングに取り組んでいます。,2024-07-07,2024-12-30
346,セキュリティ強化プロジェクト改善,このプロジェクトではテスト、セキュリティ強化やシステム設計に取り組んでいます。目的はレスポンス時間短縮です。,2025-09-14,
347,ニュース配信アプリ設計,当プロジェクトではテスト、ドキュメント作成、セキュリティ強化、システム設計、要件定義やデータベース設計に取り組んでいる。,2025-11-10,2026-12-31
348,IoTプラットフォーム開発,"本プロジェクトではパフォーマンス改善やインフラ構築などに取り組んでいる。
[主な業務]
パフォーマンス改善
インフラ構築
要件分析",2024-04-20,2024-10-04
349,サブスク管理サービス実装,当プロジェクトではドキュメント作成、CI/CD構築、要件分析、テストやデプロイに取り組んでいます。目的はユーザビリティ向上です。,2025-08-13,2026-02-13
350,教育向けアプリ導入,"このプロジェクトでは要件分析やリファクタリングなどに取り組んでいます。
[実施内容]
要件分析
リファクタリング
タスク管理
自動テスト導入
これらの取り組みにより、リリースサイクルの短縮を目指しています。",2025-02-13,
351,サブスク管理サービス設計,技術選定や設計レビューを行っています。,2025-01-16,
352,HRテックサービス開発,このプロジェクトではパフォーマンス改善、クラウド移行、ドキュメント作成、要件定義や自動テスト導入に取り組んでいます。目的は品質改善です。,2025-02-10,
353,機械学習モデル開発実装,当プロジェクトではパフォーマンス改善、タスク管理、アーキテクチャ設計やセキュリティ強化に取り組んでいる。目的はバグ発生率低減である。,2025-02-08,2025-08-09
354,ニュース配信アプリ導入,"現在進行中の案件においてはUI/UX設計や技術選定などに取り組んでいます。
[主な業務]
UI/UX設計
技術選定
CI/CD構築
これらの取り組みにより、性能向上を目指しています。",2024-08-28,
355,BIツール導入構築,"当プロジェクトではCI/CD構築やレビューなどに取り組んでいる。
[実施内容]
CI/CD構築
レビュー
データベース設計
技術選定
デプロイ
運用保守
これらの取り組みにより、性能向上を目指している。",2024-10-21,
356,顧客管理システム改善,現プロジェクトにおいてパフォーマンス改善、データ分析、実装、デプロイや運用保守に取り組んでいる。,2025-03-12,
357,在庫管理システム実装,"本プロジェクトではアーキテクチャ設計やインフラ構築などに取り組んでいる。
[主な業務]
アーキテクチャ設計
インフラ構築
パフォーマンス改善
これらの取り組みにより、ユーザビリティ向上を目指している。",2024-02-14,2025-07-03
358,予約管理システム改善,当プロジェクトではCI/CD構築、クラウド移行、要件定義、要件分析や運用保守に取り組んでいる。目的はユーザビリティ向上である。,2025-07-13,
359,ニュース配信アプリ構築,"このプロジェクトでは運用保守やCI/CD構築などに取り組んでいます。
[主な作業]
運用保守
CI/CD構築
UI/UX設計
実装
タスク管理
インフラ構築
これらの取り組みにより、運用コスト削減を目指しています。",2025-03-22,
360,画像認識システム改善,このプロジェクトでは自動テスト導入、技術選定やデプロイに取り組んでいます。,2024-03-15,
361,データレイク構築実装,"このプロジェクトではレビューやクラウド移行などに取り組んでいます。
[実施内容]
レビュー
クラウド移行
テスト
システム設計
要件分析
アーキテクチャ設計
これらの取り組みにより、品質改善を目指しています。",2025-02-09,
362,チャットボット改善,主な業務はCI/CD構築、レビュー、データ分析、コーディングやパフォーマンス改善です。目指しているのは品質改善です。,2025-02-22,
363,顧客管理システム設計,リファクタリング、チームマネジメント、実装、タスク管理や要件定義などの開発に取り組んでいます。,2024-09-25,2025-12-24
364,不動産プラットフォーム改善,このプロジェクトでは実装、要件定義、アーキテクチャ設計、データベース設計、パフォーマンス改善やレビューに取り組んでいます。目的は性能向上です。,2025-07-13,
365,セキュリティ強化プロジェクト実装,"現プロジェクトにおいてシステム設計や技術選定などに取り組んでいる。
[主な業務]
システム設計
技術選定
要件分析
UI/UX設計
パフォーマンス改善
セキュリティ強化
これらの取り組みにより、品質改善を目指している。",2024-05-08,
366,サブスク管理サービス構築,主な業務はレビュー、技術選定、要件分析やシステム設計です。目指しているのは品質改善です。,2025-02-01,
367,BIツール導入実装,デプロイ、CI/CD構築、テストやレビューなどの開発に取り組んでいる。,2024-03-20,2026-01-17
368,医療情報システム設計,当プロジェクトではパフォーマンス改善、データ分析や技術選定に取り組んでいる。,2024-05-29,2025-05-21
369,eラーニングシステム開発,当プロジェクトではテスト、データ分析、ドキュメント作成、UI/UX設計、タスク管理やアーキテクチャ設計に取り組んでいます。,2024-07-19,2026-01-18
370,AIチャットボット開発,システム設計や実装を中心に行っています。また、セキュリティ強化、リファクタリング、UI/UX設計や要件分析にも取り組んでいます。,2025-03-30,
371,ECプラットフォーム構築,"現在進行中の案件においてはアーキテクチャ設計やタスク管理などに取り組んでいます。
[実施内容]
アーキテクチャ設計
タスク管理
自動テスト導入
レビュー",2024-12-14,2025-04-17
372,物流管理システム実装,"現在進行中の案件においてはタスク管理や自動テスト導入などに取り組んでいます。
[実施内容]
タスク管理
自動テスト導入
セキュリティ強化
データベース設計
ドキュメント作成
これらの取り組みにより、品質改善を目指しています。",2024-11-15,
373,医療情報システム導入,"当プロジェクトではデータベース設計やデータ分析などに取り組んでいます。
[主な業務]
データベース設計
データ分析
チームマネジメント
ドキュメント作成
実装
テスト
これらの取り組みにより、リリースサイクルの短縮を目指しています。",2024-09-09,2026-05-03
374,顧客管理システム設計,"現プロジェクトにおいてタスク管理やレビューなどに取り組んでいる。
[実施内容]
タスク管理
レビュー
要件定義",2024-04-30,2026-03-15
375,IoTプラットフォーム改善,"当プロジェクトではパフォーマンス改善やUI/UX設計などに取り組んでいる。
[主な業務]
パフォーマンス改善
UI/UX設計
要件定義
CI/CD構築
デプロイ",2025-10-07,2026-12-31
376,グルメレビューアプリ導入,本プロジェクトではCI/CD構築、デプロイ、インフラ構築、テストや技術選定に取り組んでいる。,2024-05-08,2024-10-09
377,医療情報システム構築,要件定義、コーディングやCI/CD構築などの開発に取り組んでいる。,2024-01-22,
378,HRテックサービス開発,技術選定や設計レビューを行っています。,2024-01-26,
379,画像認識システム設計,現在進行中の案件においてはデータ分析、要件分析、自動テスト導入、技術選定、インフラ構築やテストに取り組んでいます。,2024-09-08,
380,金融システム設計,技術選定や設計レビューを行っている。また、アーキテクチャ設計、クラウド移行、リファクタリング、CI/CD構築、タスク管理やドキュメント作成にも取り組んでいる。目指しているのは性能向上である。,2025-04-06,
381,データ分析基盤実装,主な業務は自動テスト導入、要件定義やテストです。,2025-04-23,
382,サブスク管理サービス改善,システム設計や実装を中心に行っています。目指しているのは品質改善です。,2024-01-14,2024-04-12
383,旅行予約システム開発,当プロジェクトではクラウド移行、アーキテクチャ設計や技術選定に取り組んでいます。,2024-11-16,2025-09-16
384,金融システム開発,システム設計や実装を中心に行っている。また、自動テスト導入、UI/UX設計やパフォーマンス改善にも取り組んでいる。,2025-06-26,2026-12-31
385,顧客管理システム構築,本プロジェクトではクラウド移行、デプロイ、インフラ構築、コーディング、実装やデータベース設計に取り組んでいる。目的はレスポンス時間短縮である。,2024-11-18,2025-10-13
386,セキュリティ強化プロジェクト開発,現在進行中の案件においてはドキュメント作成、データ分析やデータベース設計に取り組んでいます。目的は開発効率向上です。,2025-05-17,
387,チャットボット導入,このプロジェクトではドキュメント作成、インフラ構築、技術選定や要件分析に取り組んでいます。目的はリリースサイクルの短縮です。,2024-01-16,2025-06-15
388,セキュリティ強化プロジェクト実装,リファクタリング、技術選定やインフラ構築などの開発に取り組んでいます。,2024-11-15,2026-02-14
389,ニュース配信アプリ実装,本プロジェクトではCI/CD構築、自動テスト導入、要件分析、インフラ構築や要件定義に取り組んでいる。,2025-01-01,2025-10-25
390,音声認識システム構築,現在進行中の案件においてはコーディング、クラウド移行、実装や要件定義に取り組んでいます。,2024-04-06,2025-02-14
391,画像認識システム開発,技術選定や設計レビューを行っています。,2024-10-09,
392,金融システム構築,"現在進行中の案件においてはセキュリティ強化や要件分析などに取り組んでいます。
[主な業務]
セキュリティ強化
要件分析
コーディング
クラウド移行
これらの取り組みにより、運用コスト削減を目指しています。",2025-06-02,
393,動画配信サービス実装,ドキュメント作成、アーキテクチャ設計やセキュリティ強化などの開発に取り組んでいます。目指しているのは運用コスト削減です。,2024-01-31,
394,ECプラットフォーム改善,本プロジェクトではセキュリティ強化、コーディング、CI/CD構築、実装、要件定義やデータベース設計に取り組んでいる。,2024-04-24,2025-06-01
395,在庫管理システム設計,技術選定や設計レビューを行っています。目指しているのは性能向上です。,2025-01-19,2025-05-26
396,IoTプラットフォーム開発,このプロジェクトでは自動テスト導入、CI/CD構築、タスク管理、ドキュメント作成やアーキテクチャ設計に取り組んでいます。,2025-03-23,2025-08-25
397,動画配信サービス開発,"現在進行中の案件においては要件定義や実装などに取り組んでいます。
[主な業務]
要件定義
実装
デプロイ
コーディング
クラウド移行
システム設計",2025-05-16,2026-08-26
398,物流管理システム構築,主な業務はコーディング、実装、運用保守や要件分析です。,2025-10-10,2026-12-31
399,ECプラットフォーム開発,運用保守、セキュリティ強化やリファクタリングなどの開発に取り組んでいます。目指しているのはコスト削減です。,2025-05-09,
400,eラーニングシステム構築,技術選定や設計レビューを行っている。また、インフラ構築、UI/UX設計、セキュリティ強化、CI/CD構築、実装やドキュメント作成にも取り組んでいる。目指しているのはバグ発生率低減である。,2025-02-06,
401,物流管理システム実装,"当プロジェクトでは自動テスト導入やインフラ構築などに取り組んでいる。
[主な作業]
自動テスト導入
インフラ構築
チームマネジメント
コーディング",2024-04-04,
402,音声認識システム構築,現在進行中の案件においてはコーディング、要件分析、ドキュメント作成、UI/UX設計、デプロイやデータベース設計に取り組んでいます。目的は性能向上です。,2025-06-07,
403,ニュース配信アプリ導入,主な業務は要件定義、要件分析やリファクタリングである。目指しているのはバグ発生率低減である。,2024-09-14,
404,物流管理システム開発,現プロジェクトにおいてセキュリティ強化、システム設計、コーディング、リファクタリング、インフラ構築や要件分析に取り組んでいる。目的はコスト削減である。,2024-11-04,2025-01-12
405,ECプラットフォーム設計,パフォーマンス改善、インフラ構築や技術選定などの開発に取り組んでいます。目指しているのはコスト削減です。,2024-01-30,
406,IoTプラットフォーム設計,UI/UX設計、アーキテクチャ設計、チームマネジメント、技術選定や運用保守などの開発に取り組んでいる。,2025-09-23,
407,音声認識システム設計,"当プロジェクトではCI/CD構築やデータベース設計などに取り組んでいます。
[実施内容]
CI/CD構築
データベース設計
パフォーマンス改善
UI/UX設計
技術選定",2024-08-17,
408,ブロックチェーン開発改善,現プロジェクトにおいてチームマネジメント、リファクタリング、要件定義、レビューやUI/UX設計に取り組んでいる。,2024-11-30,
409,eラーニングシステム改善,"このプロジェクトでは自動テスト導入やタスク管理などに取り組んでいます。
[実施内容]
自動テスト導入
タスク管理
実装
要件分析
インフラ構築
技術選定
これらの取り組みにより、ユーザー満足度向上を目指しています。",2025-08-25,2026-04-02
410,医療情報システム改善,現在進行中の案件においてはCI/CD構築、リファクタリング、データ分析、インフラ構築、運用保守やテストに取り組んでいます。目的はコスト削減です。,2024-02-29,
411,SNSアプリ開発,"当プロジェクトではアーキテクチャ設計やシステム設計などに取り組んでいます。
[主な作業]
アーキテクチャ設計
システム設計
運用保守",2024-12-21,2025-04-28
412,サブスク管理サービス構築,"当プロジェクトでは運用保守やデータ分析などに取り組んでいる。
[主な作業]
運用保守
データ分析
チームマネジメント
パフォーマンス改善
これらの取り組みにより、バグ発生率低減を目指している。",2024-08-02,2024-12-14
413,在庫管理システム設計,システム設計や実装を中心に行っている。また、チームマネジメント、CI/CD構築、アーキテクチャ設計、インフラ構築、ドキュメント作成やパフォーマンス改善にも取り組んでいる。,2025-10-25,2026-12-31
414,動画配信サービス改善,このプロジェクトではインフラ構築、要件定義、システム設計や実装に取り組んでいます。,2025-08-20,2026-12-24
415,予約管理システム開発,このプロジェクトではデータベース設計、アーキテクチャ設計やデータ分析に取り組んでいます。,2024-01-09,
416,サブスク管理サービス構築,当プロジェクトではコーディング、運用保守、ドキュメント作成、レビュー、技術選定やタスク管理に取り組んでいます。目的はユーザビリティ向上です。,2024-08-22,2025-01-28
417,SNSアプリ構築,"当プロジェクトではレビューやドキュメント作成などに取り組んでいる。
[主な業務]
レビュー
ドキュメント作成
データ分析",2024-03-14,2025-11-17
418,教育向けアプリ構築,"本プロジェクトではドキュメント作成やUI/UX設計などに取り組んでいる。
[主な作業]
ドキュメント作成
UI/UX設計
システム設計
コーディング
これらの取り組みにより、品質改善を目指している。",2025-01-02,2025-08-22
419,音声認識システム実装,現プロジェクトにおいて要件定義、パフォーマンス改善やデプロイに取り組んでいる。目的は開発効率向上である。,2025-02-20,2026-06-24
420,データ分析基盤構築,当プロジェクトではインフラ構築、自動テスト導入やシステム設計に取り組んでいます。目的は品質改善です。,2024-03-10,2024-08-20
421,ブロックチェーン開発改善,"当プロジェクトではシステム設計やセキュリティ強化などに取り組んでいます。
[主な作業]
システム設計
セキュリティ強化
タスク管理
技術選定",2025-11-05,2026-02-21
422,グルメレビューアプリ改善,このプロジェクトではレビュー、UI/UX設計、セキュリティ強化、データベース設計や実装に取り組んでいます。,2024-10-29,2025-10-03
423,ECプラットフォーム設計,レビュー、要件定義、リファクタリング、技術選定、実装やシステム設計などの開発に取り組んでいる。目指しているのはレスポンス時間短縮である。,2025-09-10,2026-09-23
424,データ分析基盤構築,当プロジェクトでは要件分析、インフラ構築やレビューに取り組んでいます。,2025-03-31,
425,旅行予約システム開発,技術選定や設計レビューを行っています。,2024-10-13,
426,データレイク構築構築,"現プロジェクトにおいてクラウド移行やチームマネジメントなどに取り組んでいる。
[実施内容]
クラウド移行
チームマネジメント
技術選定
インフラ構築",2024-11-12,
427,データレイク構築設計,システム設計や実装を中心に行っています。,2024-10-20,
428,グルメレビューアプリ実装,"このプロジェクトではデータ分析や要件分析などに取り組んでいます。
[主な作業]
データ分析
要件分析
要件定義
コーディング
これらの取り組みにより、レスポンス時間短縮を目指しています。",2024-07-13,2025-10-01
429,旅行予約システム設計,技術選定や設計レビューを行っています。また、自動テスト導入、運用保守、データベース設計、タスク管理、データ分析やUI/UX設計にも取り組んでいます。,2025-10-30,2026-12-31
430,サブスク管理サービス実装,システム設計や実装を中心に行っている。,2024-11-18,2025-03-02
431,機械学習モデル開発開発,"本プロジェクトではクラウド移行やシステム設計などに取り組んでいる。
[実施内容]
クラウド移行
システム設計
コーディング
タスク管理
アーキテクチャ設計",2025-06-10,2026-12-31
432,BIツール導入導入,"本プロジェクトではデプロイやセキュリティ強化などに取り組んでいる。
[実施内容]
デプロイ
セキュリティ強化
インフラ構築
システム設計
パフォーマンス改善
テスト",2025-10-16,
433,機械学習モデル開発実装,インフラ構築、セキュリティ強化、データ分析、システム設計、運用保守や要件定義などの開発に取り組んでいます。目指しているのはユーザー満足度向上です。,2024-09-29,
434,顧客管理システム導入,"現プロジェクトにおいてコーディングや要件分析などに取り組んでいる。
[実施内容]
コーディング
要件分析
セキュリティ強化",2024-02-07,2025-04-27
435,ECプラットフォーム設計,"このプロジェクトではパフォーマンス改善やデプロイなどに取り組んでいます。
[主な作業]
パフォーマンス改善
デプロイ
運用保守
データ分析
レビュー",2025-01-21,2025-12-28
436,旅行予約システム設計,"本プロジェクトでは技術選定やタスク管理などに取り組んでいる。
[実施内容]
技術選定
タスク管理
レビュー
アーキテクチャ設計
これらの取り組みにより、レスポンス時間短縮を目指している。",2025-05-25,2026-12-31
437,教育向けアプリ改善,現在進行中の案件においては要件定義、UI/UX設計、技術選定やアーキテクチャ設計に取り組んでいます。,2025-02-09,
438,教育向けアプリ実装,"このプロジェクトでは運用保守やテストなどに取り組んでいます。
[主な作業]
運用保守
テスト
データベース設計
これらの取り組みにより、ユーザビリティ向上を目指しています。",2025-04-26,
439,在庫管理システム改善,当プロジェクトではリファクタリング、タスク管理、パフォーマンス改善やテストに取り組んでいます。,2024-09-21,
440,動画配信サービス導入,本プロジェクトではデータベース設計、デプロイや自動テスト導入に取り組んでいる。,2025-04-21,2026-08-01
441,データレイク構築実装,現在進行中の案件においてはアーキテクチャ設計、データ分析、運用保守、タスク管理やコーディングに取り組んでいます。目的はレスポンス時間短縮です。,2025-08-12,2026-03-11
442,AIチャットボット開発,当プロジェクトでは要件分析、UI/UX設計、リファクタリング、データ分析、クラウド移行やCI/CD構築に取り組んでいる。目的はコスト削減である。,2025-03-18,
443,グルメレビューアプリ設計,このプロジェクトではレビュー、セキュリティ強化、要件分析、パフォーマンス改善、アーキテクチャ設計やタスク管理に取り組んでいます。,2024-03-02,2024-05-28
444,データ分析基盤導入,主な業務はセキュリティ強化、コーディング、データベース設計、データ分析やクラウド移行です。目指しているのはバグ発生率低減です。,2025-07-30,
445,IoTプラットフォーム実装,"現在進行中の案件においてはクラウド移行やリファクタリングなどに取り組んでいます。
[主な作業]
クラウド移行
リファクタリング
デプロイ
運用保守
これらの取り組みにより、性能向上を目指しています。",2025-10-13,2026-06-25
446,BIツール導入改善,"本プロジェクトではパフォーマンス改善やCI/CD構築などに取り組んでいる。
[主な業務]
パフォーマンス改善
CI/CD構築
コーディング
リファクタリング",2024-11-04,2025-05-30
447,ニュース配信アプリ実装,主な業務はアーキテクチャ設計、実装、デプロイやUI/UX設計です。目指しているのはユーザビリティ向上です。,2024-04-30,
448,音声認識システム設計,技術選定や設計レビューを行っている。また、クラウド移行、技術選定やアーキテクチャ設計にも取り組んでいる。目指しているのはユーザビリティ向上である。,2025-08-09,2026-12-31
449,グルメレビューアプリ構築,主な業務はセキュリティ強化、レビュー、CI/CD構築、システム設計、運用保守やチームマネジメントである。,2025-02-27,2026-06-07
450,金融システム構築,このプロジェクトでは要件定義、セキュリティ強化、データベース設計、データ分析やテストに取り組んでいます。,2025-08-14,
451,金融システム導入,このプロジェクトでは技術選定、運用保守やドキュメント作成に取り組んでいます。目的はユーザビリティ向上です。,2024-12-04,
452,ブロックチェーン開発改善,"当プロジェクトではコーディングやクラウド移行などに取り組んでいる。
[実施内容]
コーディング
クラウド移行
ドキュメント作成",2025-04-02,
453,HRテックサービス設計,"当プロジェクトではコーディングやデータベース設計などに取り組んでいます。
[主な作業]
コーディング
データベース設計
リファクタリング
アーキテクチャ設計
チームマネジメント
セキュリティ強化
これらの取り組みにより、ユーザビリティ向上を目指しています。",2024-05-14,
454,動画配信サービス導入,"現プロジェクトにおいてセキュリティ強化やデータベース設計などに取り組んでいる。
[主な業務]
セキュリティ強化
データベース設計
デプロイ
コーディング
テスト",2024-03-03,2025-05-02
455,ECプラットフォーム実装,当プロジェクトではチームマネジメント、テスト、タスク管理、要件分析、アーキテクチャ設計やドキュメント作成に取り組んでいます。目的は開発効率向上です。,2024-11-14,2026-01-18
456,ニュース配信アプリ構築,"現在進行中の案件においてはCI/CD構築や要件分析などに取り組んでいます。
[主な業務]
CI/CD構築
要件分析
インフラ構築
テスト
データベース設計
これらの取り組みにより、バグ発生率低減を目指しています。",2024-06-23,2026-04-28
457,顧客管理システム実装,データ分析、パフォーマンス改善、データベース設計、運用保守、デプロイや要件分析などの開発に取り組んでいます。,2024-04-05,
458,セキュリティ強化プロジェクト設計,システム設計や実装を中心に行っている。目指しているのはレスポンス時間短縮である。,2025-09-28,2026-12-06
459,物流管理システム開発,データ分析、技術選定、自動テスト導入、要件分析やUI/UX設計などの開発に取り組んでいます。目指しているのは運用コスト削減です。,2025-02-23,2026-05-28
460,クラウド移行プロジェクト構築,このプロジェクトではチームマネジメント、実装やドキュメント作成に取り組んでいます。目的は開発効率向上です。,2025-07-20,2026-05-04
461,ニュース配信アプリ構築,"当プロジェクトではデータベース設計や要件定義などに取り組んでいる。
[主な業務]
データベース設計
要件定義
テスト
パフォーマンス改善",2025-02-23,
462,ECプラットフォーム導入,"当プロジェクトではテストや技術選定などに取り組んでいる。
[主な業務]
テスト
技術選定
レビュー
要件分析
これらの取り組みにより、運用コスト削減を目指している。",2025-08-13,2026-12-31
463,ニュース配信アプリ開発,当プロジェクトではパフォーマンス改善、チームマネジメントやシステム設計に取り組んでいます。目的は開発効率向上です。,2024-04-02,
464,データレイク構築実装,当プロジェクトではデプロイ、リファクタリング、システム設計やタスク管理に取り組んでいます。目的はリリースサイクルの短縮です。,2024-08-13,
465,音声認識システム改善,"現在進行中の案件においては技術選定やテストなどに取り組んでいます。
[主な作業]
技術選定
テスト
実装
要件分析
クラウド移行",2024-05-04,
466,チャットボット改善,システム設計や実装を中心に行っている。目指しているのはバグ発生率低減である。,2025-07-25,
467,不動産プラットフォーム構築,CI/CD構築、チームマネジメントや要件定義などの開発に取り組んでいます。目指しているのは性能向上です。,2024-01-17,2025-04-30
468,在庫管理システム開発,このプロジェクトではデータ分析、システム設計、セキュリティ強化、運用保守やテストに取り組んでいます。,2025-01-13,
469,機械学習モデル開発改善,システム設計や実装を中心に行っている。目指しているのは性能向上である。,2025-06-28,
470,物流管理システム実装,"このプロジェクトではセキュリティ強化や要件分析などに取り組んでいます。
[主な作業]
セキュリティ強化
要件分析
実装
タスク管理
リファクタリング",2024-08-04,2026-04-15
471,クラウド移行プロジェクト改善,当プロジェクトではドキュメント作成、運用保守、自動テスト導入、リファクタリングや実装に取り組んでいる。目的は運用コスト削減である。,2024-02-29,2025-06-19
472,HRテックサービス実装,チームマネジメント、CI/CD構築、システム設計や自動テスト導入などの開発に取り組んでいます。目指しているのはバグ発生率低減です。,2025-06-26,2026-02-03
473,旅行予約システム構築,現在進行中の案件においてはセキュリティ強化、実装、運用保守や要件分析に取り組んでいます。目的はユーザビリティ向上です。,2025-10-24,
474,在庫管理システム改善,"本プロジェクトでは実装やドキュメント作成などに取り組んでいる。
[主な作業]
実装
ドキュメント作成
システム設計
テスト
リファクタリング
CI/CD構築
これらの取り組みにより、ユーザビリティ向上を目指している。",2024-12-11,
475,健康管理アプリ導入,システム設計、チームマネジメント、技術選定、CI/CD構築や実装などの開発に取り組んでいます。,2024-06-02,
476,サブスク管理サービス実装,技術選定や設計レビューを行っています。,2024-07-13,2025-12-04
477,セキュリティ強化プロジェクト構築,このプロジェクトではリファクタリング、アーキテクチャ設計やUI/UX設計に取り組んでいます。目的は品質改善です。,2024-09-21,2025-09-22
478,旅行予約システム開発,当プロジェクトではパフォーマンス改善、アーキテクチャ設計、クラウド移行やセキュリティ強化に取り組んでいます。目的はユーザー満足度向上です。,2024-10-23,2025-04-14
479,機械学習モデル開発構築,技術選定や設計レビューを行っています。また、セキュリティ強化、データベース設計、実装や技術選定にも取り組んでいます。目指しているのは運用コスト削減です。,2025-02-02,
480,チャットボット設計,現プロジェクトにおいて要件定義、レビュー、実装やクラウド移行に取り組んでいる。,2025-02-28,
481,機械学習モデル開発改善,技術選定や設計レビューを行っています。また、インフラ構築、データ分析、セキュリティ強化やシステム設計にも取り組んでいます。目指しているのは運用コスト削減です。,2025-01-07,
482,在庫管理システム改善,"当プロジェクトではUI/UX設計やデプロイなどに取り組んでいる。
[主な作業]
UI/UX設計
デプロイ
自動テスト導入",2025-09-28,2026-12-31
483,顧客管理システム実装,"当プロジェクトではクラウド移行やUI/UX設計などに取り組んでいる。
[主な作業]
クラウド移行
UI/UX設計
ドキュメント作成
コーディング
タスク管理
データベース設計",2025-01-03,2026-09-29
484,旅行予約システム導入,"当プロジェクトでは運用保守や実装などに取り組んでいます。
[主な作業]
運用保守
実装
アーキテクチャ設計
CI/CD構築
テスト
これらの取り組みにより、バグ発生率低減を目指しています。",2025-08-01,
485,物流管理システム構築,テスト、タスク管理、CI/CD構築、アーキテクチャ設計、パフォーマンス改善やチームマネジメントなどの開発に取り組んでいる。,2024-06-12,
486,教育向けアプリ構築,"当プロジェクトではデータベース設計やクラウド移行などに取り組んでいる。
[主な作業]
データベース設計
クラウド移行
技術選定
データ分析
デプロイ",2024-08-25,2025-06-23
487,SNSアプリ設計,主な業務は技術選定、デプロイ、レビュー、クラウド移行やパフォーマンス改善である。,2024-12-08,
488,顧客管理システム構築,CI/CD構築、デプロイ、要件分析、リファクタリングやテストなどの開発に取り組んでいる。,2024-04-10,
489,データ分析基盤改善,要件定義、データ分析、コーディングやパフォーマンス改善などの開発に取り組んでいます。目指しているのは性能向上です。,2024-04-17,2025-07-29
490,ECプラットフォーム設計,"本プロジェクトではデプロイやアーキテクチャ設計などに取り組んでいる。
[主な作業]
デプロイ
アーキテクチャ設計
コーディング
テスト",2024-12-10,2025-03-22
491,AIチャットボット構築,当プロジェクトではセキュリティ強化、チームマネジメントやデプロイに取り組んでいます。,2025-10-18,
492,ニュース配信アプリ構築,このプロジェクトでは技術選定、レビュー、CI/CD構築、要件分析、アーキテクチャ設計やチームマネジメントに取り組んでいます。目的はレスポンス時間短縮です。,2025-02-01,2026-10-30
493,AIチャットボット導入,本プロジェクトではテスト、セキュリティ強化、レビュー、UI/UX設計、データ分析やドキュメント作成に取り組んでいる。目的はリリースサイクルの短縮である。,2025-05-22,2025-08-05
494,チャットボット改善,このプロジェクトではアーキテクチャ設計、CI/CD構築、デプロイ、データベース設計やインフラ構築に取り組んでいます。,2024-02-14,2024-09-28
495,音声認識システム開発,"このプロジェクトでは要件定義や自動テスト導入などに取り組んでいます。
[実施内容]
要件定義
自動テスト導入
タスク管理
チームマネジメント",2024-03-01,
496,ブロックチェーン開発導入,"本プロジェクトでは実装やUI/UX設計などに取り組んでいる。
[主な作業]
実装
UI/UX設計
デプロイ
テスト
アーキテクチャ設計",2024-12-12,
497,eラーニングシステム設計,"当プロジェクトではパフォーマンス改善やクラウド移行などに取り組んでいます。
[主な業務]
パフォーマンス改善
クラウド移行
要件分析
タスク管理
テスト
これらの取り組みにより、性能向上を目指しています。",2024-06-05,2025-05-15
498,音声認識システム実装,ドキュメント作成、コーディングやインフラ構築などの開発に取り組んでいる。目指しているのはバグ発生率低減である。,2025-08-08,2025-11-29
499,医療情報システム設計,現在進行中の案件においてはインフラ構築、コーディング、レビューや自動テスト導入に取り組んでいます。目的は運用コスト削減です。,2025-07-12,
500,サブスク管理サービス導入,本プロジェクトではテスト、要件定義やドキュメント作成に取り組んでいる。目的はコスト削減である。,2024-07-03,2026-01-28
501,機械学習モデル開発開発,"当プロジェクトではデータベース設計やタスク管理などに取り組んでいる。
[実施内容]
データベース設計
タスク管理
要件定義
運用保守",2025-04-19,
502,音声認識システム改善,要件分析、アーキテクチャ設計、UI/UX設計、パフォーマンス改善、タスク管理やデプロイなどの開発に取り組んでいます。目指しているのはユーザビリティ向上です。,2024-04-27,2025-08-07
503,画像認識システム実装,"現プロジェクトにおいてデータベース設計やコーディングなどに取り組んでいる。
[主な業務]
データベース設計
コーディング
データ分析
アーキテクチャ設計
タスク管理
ドキュメント作成
これらの取り組みにより、コスト削減を目指している。",2024-09-17,
504,SNSアプリ改善,"このプロジェクトではパフォーマンス改善やセキュリティ強化などに取り組んでいます。
[主な作業]
パフォーマンス改善
セキュリティ強化
インフラ構築",2025-10-05,2026-08-16
505,HRテックサービス導入,現在進行中の案件においてはUI/UX設計、自動テスト導入やクラウド移行に取り組んでいます。,2024-07-25,
506,予約管理システム設計,"本プロジェクトではシステム設計やインフラ構築などに取り組んでいる。
[主な業務]
システム設計
インフラ構築
タスク管理
これらの取り組みにより、コスト削減を目指している。",2024-06-27,2025-03-05
507,BIツール導入開発,主な業務はアーキテクチャ設計、レビュー、コーディング、タスク管理、クラウド移行や実装です。目指しているのはコスト削減です。,2024-01-19,2024-11-17
508,HRテックサービス開発,要件分析、テスト、レビューやデータ分析などの開発に取り組んでいる。,2025-10-18,2026-08-16
509,クラウド移行プロジェクト構築,当プロジェクトではチームマネジメント、クラウド移行、UI/UX設計、セキュリティ強化、レビューやCI/CD構築に取り組んでいます。,2024-05-12,
510,SNSアプリ導入,システム設計や実装を中心に行っている。また、実装、システム設計、クラウド移行、CI/CD構築や要件定義にも取り組んでいる。目指しているのは品質改善である。,2025-07-03,2026-12-31
511,在庫管理システム構築,当プロジェクトではデータ分析、自動テスト導入、テスト、クラウド移行、技術選定や要件分析に取り組んでいる。目的は開発効率向上である。,2025-09-03,
512,健康管理アプリ実装,"現在進行中の案件においてはドキュメント作成やCI/CD構築などに取り組んでいます。
[主な作業]
ドキュメント作成
CI/CD構築
タスク管理
実装
レビュー",2025-09-11,
513,セキュリティ強化プロジェクト構築,"このプロジェクトではリファクタリングや自動テスト導入などに取り組んでいます。
[主な業務]
リファクタリング
自動テスト導入
要件定義
技術選定
要件分析",2024-01-09,2024-12-13
514,ニュース配信アプリ実装,タスク管理、チームマネジメント、セキュリティ強化、リファクタリングやレビューなどの開発に取り組んでいます。目指しているのはユーザビリティ向上です。,2024-12-29,
515,サブスク管理サービス実装,"このプロジェクトではテストや運用保守などに取り組んでいます。
[実施内容]
テスト
運用保守
要件分析
データ分析",2024-05-10,
516,医療情報システム導入,"当プロジェクトではデータベース設計やUI/UX設計などに取り組んでいます。
[主な業務]
データベース設計
UI/UX設計
コーディング
ドキュメント作成",2025-10-17,
517,教育向けアプリ構築,当プロジェクトではリファクタリング、データベース設計、データ分析、インフラ構築、アーキテクチャ設計や技術選定に取り組んでいる。目的はユーザー満足度向上である。,2025-01-20,
518,SNSアプリ実装,当プロジェクトでは運用保守、テスト、ドキュメント作成やデプロイに取り組んでいます。目的はリリースサイクルの短縮です。,2024-12-26,
519,物流管理システム実装,このプロジェクトではクラウド移行、アーキテクチャ設計やデプロイに取り組んでいます。,2025-08-11,2026-12-31
520,画像認識システム設計,"現プロジェクトにおいてシステム設計や要件定義などに取り組んでいる。
[実施内容]
システム設計
要件定義
ドキュメント作成
要件分析
テスト
これらの取り組みにより、コスト削減を目指している。",2024-07-30,2026-06-23
521,eラーニングシステム実装,"現プロジェクトにおいてセキュリティ強化やドキュメント作成などに取り組んでいる。
[主な作業]
セキュリティ強化
ドキュメント作成
テスト
パフォーマンス改善
これらの取り組みにより、ユーザー満足度向上を目指している。",2024-09-14,2025-03-13
522,SNSアプリ設計,"このプロジェクトではドキュメント作成やシステム設計などに取り組んでいます。
[実施内容]
ドキュメント作成
システム設計
技術選定
CI/CD構築
デプロイ",2025-09-05,2025-12-23
523,IoTプラットフォーム構築,現プロジェクトにおいてレビュー、タスク管理、自動テスト導入、データ分析、システム設計やUI/UX設計に取り組んでいる。,2024-05-26,2025-12-31
524,SNSアプリ設計,"このプロジェクトではインフラ構築やセキュリティ強化などに取り組んでいます。
[主な作業]
インフラ構築
セキュリティ強化
データ分析
コーディング
要件分析
リファクタリング
これらの取り組みにより、リリースサイクルの短縮を目指しています。",2024-04-26,2025-02-24
525,データレイク構築改善,現プロジェクトにおいてタスク管理、データ分析、クラウド移行、チームマネジメント、要件定義やCI/CD構築に取り組んでいる。,2025-06-15,2026-12-31
526,機械学習モデル開発開発,現プロジェクトにおいて自動テスト導入、データ分析、コーディング、レビューや要件分析に取り組んでいる。目的はリリースサイクルの短縮である。,2025-09-13,
527,ブロックチェーン開発構築,"当プロジェクトではデプロイやシステム設計などに取り組んでいる。
[実施内容]
デプロイ
システム設計
データベース設計
コーディング
これらの取り組みにより、ユーザー満足度向上を目指している。",2025-09-04,2026-12-31
528,不動産プラットフォーム改善,技術選定や設計レビューを行っている。目指しているのは開発効率向上である。,2024-04-27,
529,予約管理システム設計,"本プロジェクトではデータ分析やリファクタリングなどに取り組んでいる。
[主な業務]
データ分析
リファクタリング
データベース設計
CI/CD構築
クラウド移行
要件定義",2025-04-23,
530,セキュリティ強化プロジェクト構築,当プロジェクトではコーディング、要件定義やデプロイに取り組んでいる。目的はコスト削減である。,2025-04-07,
531,機械学習モデル開発改善,"本プロジェクトではセキュリティ強化や自動テスト導入などに取り組んでいる。
[実施内容]
セキュリティ強化
自動テスト導入
テスト
運用保守
デプロイ
要件定義
これらの取り組みにより、コスト削減を目指している。",2025-09-12,2026-12-31
532,予約管理システム設計,"現在進行中の案件においてはパフォーマンス改善やUI/UX設計などに取り組んでいます。
[主な業務]
パフォーマンス改善
UI/UX設計
セキュリティ強化
これらの取り組みにより、ユーザー満足度向上を目指しています。",2024-07-23,
533,BIツール導入設計,"本プロジェクトではアーキテクチャ設計やレビューなどに取り組んでいる。
[主な業務]
アーキテクチャ設計
レビュー
データ分析
これらの取り組みにより、運用コスト削減を目指している。",2025-03-12,2025-08-08
534,チャットボット開発,本プロジェクトでは要件分析、インフラ構築、運用保守、要件定義やクラウド移行に取り組んでいる。目的はコスト削減である。,2025-08-29,
535,医療情報システム導入,当プロジェクトではアーキテクチャ設計、要件定義、コーディングやテストに取り組んでいる。,2024-01-24,
536,在庫管理システム改善,"本プロジェクトでは要件分析やテストなどに取り組んでいる。
[主な業務]
要件分析
テスト
デプロイ
タスク管理
コーディング
システム設計
これらの取り組みにより、レスポンス時間短縮を目指している。",2024-03-17,
537,SNSアプリ設計,"現プロジェクトにおいて要件定義やアーキテクチャ設計などに取り組んでいる。
[主な業務]
要件定義
アーキテクチャ設計
クラウド移行
これらの取り組みにより、運用コスト削減を目指している。",2024-05-14,2026-02-10
538,物流管理システム構築,当プロジェクトではドキュメント作成、タスク管理、テストや要件定義に取り組んでいます。,2024-05-24,
539,ニュース配信アプリ改善,当プロジェクトではパフォーマンス改善、運用保守やUI/UX設計に取り組んでいる。目的はユーザー満足度向上である。,2024-07-19,2026-06-17
540,予約管理システム導入,"本プロジェクトではCI/CD構築やインフラ構築などに取り組んでいる。
[主な業務]
CI/CD構築
インフラ構築
チームマネジメント
テスト
要件分析",2024-02-16,2024-11-23
541,eラーニングシステム導入,本プロジェクトではドキュメント作成、データ分析、運用保守やクラウド移行に取り組んでいる。,2025-09-15,2026-06-19
542,金融システム構築,このプロジェクトではUI/UX設計、リファクタリングや自動テスト導入に取り組んでいます。目的はユーザー満足度向上です。,2024-10-18,2026-06-26
543,ニュース配信アプリ開発,現プロジェクトにおいてテスト、技術選定、自動テスト導入や運用保守に取り組んでいる。,2025-02-11,2026-07-02
544,音声認識システム開発,"現在進行中の案件においてはアーキテクチャ設計やテストなどに取り組んでいます。
[主な作業]
アーキテクチャ設計
テスト
運用保守
自動テスト導入
データベース設計",2025-06-24,2025-10-10
545,BIツール導入実装,現プロジェクトにおいてUI/UX設計、CI/CD構築、実装、自動テスト導入、運用保守やデプロイに取り組んでいる。,2025-06-26,
546,教育向けアプリ構築,テスト、クラウド移行、チームマネジメント、要件分析、実装やドキュメント作成などの開発に取り組んでいます。目指しているのは品質改善です。,2025-06-06,2026-01-21
547,BIツール導入構築,本プロジェクトではデプロイ、データ分析、データベース設計やインフラ構築に取り組んでいる。,2025-07-19,2026-03-27
548,機械学習モデル開発改善,当プロジェクトでは自動テスト導入、インフラ構築、デプロイ、CI/CD構築やコーディングに取り組んでいます。,2024-10-29,2026-04-10
549,クラウド移行プロジェクト開発,主な業務は技術選定、自動テスト導入やタスク管理である。,2024-02-11,
550,顧客管理システム導入,"現プロジェクトにおいてCI/CD構築やタスク管理などに取り組んでいる。
[実施内容]
CI/CD構築
タスク管理
自動テスト導入
要件分析
データベース設計",2024-05-22,2024-12-31
551,データレイク構築設計,主な業務はクラウド移行、要件分析、レビュー、コーディングやテストである。目指しているのは性能向上である。,2024-05-24,
552,画像認識システム設計,主な業務はインフラ構築、要件定義、パフォーマンス改善、テストやコーディングです。,2025-03-20,
553,データ分析基盤開発,実装、セキュリティ強化、レビューやクラウド移行などの開発に取り組んでいる。,2024-10-09,
554,不動産プラットフォーム導入,"当プロジェクトではUI/UX設計やチームマネジメントなどに取り組んでいる。
[主な業務]
UI/UX設計
チームマネジメント
テスト
これらの取り組みにより、レスポンス時間短縮を目指している。",2025-02-04,2026-03-25
555,ニュース配信アプリ導入,"このプロジェクトではテストやタスク管理などに取り組んでいます。
[実施内容]
テスト
タスク管理
レビュー
これらの取り組みにより、バグ発生率低減を目指しています。",2024-10-30,2026-05-31
556,物流管理システム実装,システム設計や実装を中心に行っています。また、運用保守、ドキュメント作成、技術選定、セキュリティ強化やリファクタリングにも取り組んでいます。目指しているのはコスト削減です。,2024-08-11,
557,eラーニングシステム改善,"現在進行中の案件においては技術選定やデプロイなどに取り組んでいます。
[実施内容]
技術選定
デプロイ
パフォーマンス改善
これらの取り組みにより、バグ発生率低減を目指しています。",2025-09-06,2026-12-31
558,セキュリティ強化プロジェクト設計,システム設計や実装を中心に行っている。,2024-07-21,2025-12-04
559,画像認識システム開発,本プロジェクトではデータ分析、レビュー、システム設計、実装、要件分析やコーディングに取り組んでいる。目的はコスト削減である。,2024-03-14,2024-06-02
560,BIツール導入開発,主な業務はレビュー、運用保守やドキュメント作成である。,2024-02-08,
561,データレイク構築改善,"このプロジェクトでは運用保守やリファクタリングなどに取り組んでいます。
[主な作業]
運用保守
リファクタリング
セキュリティ強化
チームマネジメント
デプロイ
これらの取り組みにより、開発効率向上を目指しています。",2024-02-03,
562,eラーニングシステム実装,現在進行中の案件においてはアーキテクチャ設計、UI/UX設計、コーディング、タスク管理、デプロイやセキュリティ強化に取り組んでいます。,2025-11-08,2026-11-05
563,音声認識システム構築,主な業務はタスク管理、レビュー、データ分析、実装、デプロイや自動テスト導入です。,2025-02-23,2025-12-14
564,グルメレビューアプリ構築,主な業務はクラウド移行、運用保守、要件定義やコーディングである。,2024-10-19,
565,予約管理システム導入,"現在進行中の案件においてはクラウド移行やインフラ構築などに取り組んでいます。
[主な業務]
クラウド移行
インフラ構築
パフォーマンス改善
これらの取り組みにより、運用コスト削減を目指しています。",2025-10-12,2026-06-13
566,不動産プラットフォーム導入,現プロジェクトにおいてデータベース設計、コーディング、タスク管理、リファクタリング、クラウド移行や要件分析に取り組んでいる。,2025-10-31,
567,医療情報システム設計,主な業務はUI/UX設計、技術選定、アーキテクチャ設計、データベース設計やチームマネジメントである。目指しているのはバグ発生率低減である。,2025-03-19,
568,教育向けアプリ実装,デプロイ、インフラ構築、テスト、チームマネジメント、実装やアーキテクチャ設計などの開発に取り組んでいる。目指しているのはバグ発生率低減である。,2025-06-26,
569,SNSアプリ構築,"このプロジェクトでは技術選定やタスク管理などに取り組んでいます。
[主な業務]
技術選定
タスク管理
データベース設計
システム設計
これらの取り組みにより、バグ発生率低減を目指しています。",2024-06-25,2026-04-13
570,ニュース配信アプリ改善,システム設計や実装を中心に行っている。,2024-07-27,
571,予約管理システム改善,"現在進行中の案件においては実装やデプロイなどに取り組んでいます。
[主な業務]
実装
デプロイ
レビュー
データ分析
チームマネジメント
これらの取り組みにより、運用コスト削減を目指しています。",2025-10-02,
572,クラウド移行プロジェクト設計,"当プロジェクトでは技術選定やテストなどに取り組んでいる。
[主な作業]
技術選定
テスト
ドキュメント作成
システム設計
運用保守
UI/UX設計",2024-04-20,2025-02-12
573,動画配信サービス改善,当プロジェクトではインフラ構築、要件定義、レビューや運用保守に取り組んでいます。,2024-07-26,2025-06-02
574,在庫管理システム開発,当プロジェクトではアーキテクチャ設計、データ分析や技術選定に取り組んでいる。,2025-01-05,2025-06-08
575,金融システム改善,技術選定や設計レビューを行っています。また、要件定義、データ分析、運用保守やUI/UX設計にも取り組んでいます。目指しているのはリリースサイクルの短縮です。,2024-07-28,
576,クラウド移行プロジェクト開発,"現在進行中の案件においては自動テスト導入やアーキテクチャ設計などに取り組んでいます。
[主な作業]
自動テスト導入
アーキテクチャ設計
CI/CD構築
レビュー
システム設計",2025-02-11,2026-05-11
577,セキュリティ強化プロジェクト設計,要件分析、リファクタリング、ドキュメント作成、自動テスト導入、要件定義やレビューなどの開発に取り組んでいます。,2025-04-30,
578,AIチャットボット実装,"現プロジェクトにおいてインフラ構築やUI/UX設計などに取り組んでいる。
[実施内容]
インフラ構築
UI/UX設計
レビュー
タスク管理
パフォーマンス改善
これらの取り組みにより、コスト削減を目指している。",2024-02-23,
579,データ分析基盤改善,システム設計や実装を中心に行っている。また、アーキテクチャ設計、レビュー、タスク管理、チームマネジメントやコーディングにも取り組んでいる。,2024-01-03,
580,HRテックサービス開発,主な業務はパフォーマンス改善、CI/CD構築、自動テスト導入やテストである。,2024-09-18,
581,eラーニングシステム導入,"現プロジェクトにおいてコーディングやセキュリティ強化などに取り組んでいる。
[主な作業]
コーディング
セキュリティ強化
レビュー
チームマネジメント
要件分析
これらの取り組みにより、性能向上を目指している。",2024-05-16,
582,医療情報システム導入,"現在進行中の案件においては要件定義やセキュリティ強化などに取り組んでいます。
[実施内容]
要件定義
セキュリティ強化
データベース設計
チームマネジメント
これらの取り組みにより、運用コスト削減を目指しています。",2024-06-23,
583,ECプラットフォーム改善,このプロジェクトではデータ分析、技術選定、レビュー、クラウド移行やコーディングに取り組んでいます。目的は性能向上です。,2025-05-18,
584,ブロックチェーン開発開発,技術選定や設計レビューを行っています。目指しているのは開発効率向上です。,2024-07-27,
585,セキュリティ強化プロジェクト開発,システム設計や実装を中心に行っています。目指しているのはバグ発生率低減です。,2024-10-05,
586,動画配信サービス開発,システム設計、技術選定、CI/CD構築、データ分析、クラウド移行やコーディングなどの開発に取り組んでいます。,2025-08-05,2026-12-19
587,予約管理システム開発,"このプロジェクトでは要件分析やドキュメント作成などに取り組んでいます。
[実施内容]
要件分析
ドキュメント作成
自動テスト導入",2024-01-18,2025-07-20
588,旅行予約システム設計,"現プロジェクトにおいて自動テスト導入やデプロイなどに取り組んでいる。
[主な作業]
自動テスト導入
デプロイ
インフラ構築
これらの取り組みにより、ユーザビリティ向上を目指している。",2024-07-04,
589,機械学習モデル開発改善,技術選定や設計レビューを行っています。また、自動テスト導入、実装、アーキテクチャ設計やチームマネジメントにも取り組んでいます。目指しているのは運用コスト削減です。,2024-07-22,
590,教育向けアプリ導入,システム設計や実装を中心に行っています。目指しているのは運用コスト削減です。,2025-01-27,
591,HRテックサービス改善,技術選定や設計レビューを行っています。目指しているのはレスポンス時間短縮です。,2024-06-04,2026-01-11
592,eラーニングシステム構築,"このプロジェクトではドキュメント作成や要件定義などに取り組んでいます。
[主な作業]
ドキュメント作成
要件定義
セキュリティ強化",2024-08-03,
593,顧客管理システム開発,"本プロジェクトではタスク管理やセキュリティ強化などに取り組んでいる。
[主な作業]
タスク管理
セキュリティ強化
レビュー
ドキュメント作成",2024-12-07,
594,医療情報システム設計,現プロジェクトにおいて実装、ドキュメント作成、デプロイ、データ分析、パフォーマンス改善やテストに取り組んでいる。目的は性能向上である。,2025-11-04,2026-01-13
595,BIツール導入設計,本プロジェクトではUI/UX設計、インフラ構築、パフォーマンス改善、コーディング、チームマネジメントやアーキテクチャ設計に取り組んでいる。,2025-06-01,2026-10-25
596,サブスク管理サービス改善,現在進行中の案件においては要件定義、チームマネジメント、CI/CD構築や自動テスト導入に取り組んでいます。,2024-08-17,
597,セキュリティ強化プロジェクト設計,技術選定や設計レビューを行っている。目指しているのはバグ発生率低減である。,2024-05-15,
598,予約管理システム開発,当プロジェクトではテスト、レビュー、インフラ構築、実装やCI/CD構築に取り組んでいる。,2025-02-18,2026-09-21
599,医療情報システム開発,主な業務はテスト、タスク管理やCI/CD構築です。,2025-11-08,
600,データレイク構築構築,このプロジェクトではシステム設計、クラウド移行、アーキテクチャ設計やセキュリティ強化に取り組んでいます。,2024-04-20,2025-09-11
601,健康管理アプリ導入,本プロジェクトではCI/CD構築、チームマネジメント、ドキュメント作成、タスク管理や要件定義に取り組んでいる。,2024-11-14,
602,データレイク構築導入,"このプロジェクトでは要件定義やデータベース設計などに取り組んでいます。
[主な業務]
要件定義
データベース設計
技術選定
デプロイ
これらの取り組みにより、ユーザビリティ向上を目指しています。",2025-04-30,2026-10-28
603,医療情報システム開発,現プロジェクトにおいてリファクタリング、クラウド移行、ドキュメント作成、タスク管理、テストやアーキテクチャ設計に取り組んでいる。目的は品質改善である。,2024-10-06,
604,ECプラットフォーム導入,技術選定や設計レビューを行っている。また、チームマネジメント、システム設計やCI/CD構築にも取り組んでいる。目指しているのは開発効率向上である。,2025-10-22,
605,健康管理アプリ実装,このプロジェクトでは要件定義、レビュー、実装、コーディング、CI/CD構築やパフォーマンス改善に取り組んでいます。目的は開発効率向上です。,2025-10-04,
606,予約管理システム導入,クラウド移行、タスク管理、CI/CD構築、自動テスト導入やコーディングなどの開発に取り組んでいる。目指しているのはユーザー満足度向上である。,2024-08-27,2025-03-29
607,AIチャットボット導入,主な業務はシステム設計、パフォーマンス改善、インフラ構築、技術選定、アーキテクチャ設計や要件分析である。,2024-10-09,
608,AIチャットボット改善,システム設計や実装を中心に行っています。また、システム設計、タスク管理やアーキテクチャ設計にも取り組んでいます。目指しているのは性能向上です。,2024-09-25,2025-10-06
609,音声認識システム実装,技術選定や設計レビューを行っている。また、データ分析、アーキテクチャ設計、コーディング、CI/CD構築、クラウド移行やタスク管理にも取り組んでいる。,2024-09-22,
610,予約管理システム改善,技術選定、実装、アーキテクチャ設計、リファクタリング、システム設計やタスク管理などの開発に取り組んでいます。目指しているのはコスト削減です。,2025-06-18,2025-12-14
611,画像認識システム開発,このプロジェクトではセキュリティ強化、タスク管理、技術選定、デプロイやコーディングに取り組んでいます。目的はユーザー満足度向上です。,2024-04-08,2025-02-26
612,医療情報システム改善,"当プロジェクトではデータベース設計やデータ分析などに取り組んでいます。
[主な業務]
データベース設計
データ分析
CI/CD構築
要件分析
チームマネジメント
運用保守",2024-12-26,2025-08-02
613,SNSアプリ構築,"当プロジェクトではシステム設計や実装などに取り組んでいます。
[主な作業]
システム設計
実装
自動テスト導入
パフォーマンス改善
技術選定
これらの取り組みにより、ユーザー満足度向上を目指しています。",2025-03-21,
614,ニュース配信アプリ開発,主な業務は運用保守、チームマネジメント、インフラ構築、ドキュメント作成、要件定義やコーディングである。目指しているのはユーザビリティ向上である。,2025-02-04,
615,チャットボット開発,"現プロジェクトにおいてレビューやチームマネジメントなどに取り組んでいる。
[主な業務]
レビュー
チームマネジメント
運用保守
UI/UX設計",2025-09-05,2025-12-27
616,SNSアプリ開発,インフラ構築、デプロイ、クラウド移行やデータベース設計などの開発に取り組んでいます。目指しているのはユーザー満足度向上です。,2024-12-28,
617,SNSアプリ導入,"本プロジェクトではチームマネジメントやインフラ構築などに取り組んでいる。
[主な業務]
チームマネジメント
インフラ構築
コーディング
データベース設計
パフォーマンス改善",2024-08-29,
618,SNSアプリ設計,現プロジェクトにおいてシステム設計、クラウド移行、セキュリティ強化、リファクタリング、レビューやデータベース設計に取り組んでいる。,2025-01-03,
619,顧客管理システム改善,当プロジェクトではコーディング、データベース設計やクラウド移行に取り組んでいる。,2024-06-18,2025-02-12
620,クラウド移行プロジェクト設計,"現在進行中の案件においてはチームマネジメントやセキュリティ強化などに取り組んでいます。
[主な作業]
チームマネジメント
セキュリティ強化
タスク管理
実装
これらの取り組みにより、ユーザビリティ向上を目指しています。",2025-04-24,2026-02-17
621,データレイク構築導入,主な業務はクラウド移行、チームマネジメント、レビューやテストである。目指しているのは開発効率向上である。,2025-05-01,2025-10-14
622,不動産プラットフォーム実装,"このプロジェクトではレビューやインフラ構築などに取り組んでいます。
[主な作業]
レビュー
インフラ構築
自動テスト導入
ドキュメント作成
テスト
これらの取り組みにより、コスト削減を目指しています。",2024-11-17,2025-05-05
623,グルメレビューアプリ開発,"当プロジェクトではチームマネジメントや要件分析などに取り組んでいます。
[実施内容]
チームマネジメント
要件分析
アーキテクチャ設計
自動テスト導入
コーディング
データベース設計",2024-09-29,
624,BIツール導入設計,主な業務はCI/CD構築、要件定義やクラウド移行である。目指しているのはユーザビリティ向上である。,2025-03-20,
625,HRテックサービス改善,システム設計や実装を中心に行っている。また、コーディング、要件定義、CI/CD構築や自動テスト導入にも取り組んでいる。目指しているのは運用コスト削減である。,2025-03-28,2026-12-10
626,健康管理アプリ構築,現プロジェクトにおいてデータベース設計、技術選定、クラウド移行、データ分析、実装やインフラ構築に取り組んでいる。目的は性能向上である。,2024-07-25,
627,ECプラットフォーム導入,チームマネジメント、アーキテクチャ設計、CI/CD構築や自動テスト導入などの開発に取り組んでいます。,2025-05-02,
628,ECプラットフォーム構築,"このプロジェクトではデプロイや要件分析などに取り組んでいます。
[主な作業]
デプロイ
要件分析
データ分析
インフラ構築
要件定義",2025-01-26,2026-07-22
629,健康管理アプリ実装,当プロジェクトではインフラ構築、クラウド移行、CI/CD構築やパフォーマンス改善に取り組んでいます。目的はリリースサイクルの短縮です。,2025-10-17,2026-12-31
630,eラーニングシステム実装,システム設計や実装を中心に行っている。目指しているのはバグ発生率低減である。,2025-06-21,
631,BIツール導入導入,システム設計や実装を中心に行っています。,2025-07-08,2026-06-18
632,物流管理システム構築,"当プロジェクトではCI/CD構築やセキュリティ強化などに取り組んでいる。
[主な業務]
CI/CD構築
セキュリティ強化
リファクタリング
ドキュメント作成
デプロイ
これらの取り組みにより、開発効率向上を目指している。",2024-01-11,2024-11-07
633,予約管理システム実装,システム設計や実装を中心に行っている。,2025-09-05,2026-12-31
634,音声認識システム導入,"現在進行中の案件においてはCI/CD構築やデータ分析などに取り組んでいます。
[実施内容]
CI/CD構築
データ分析
リファクタリング",2024-08-07,
635,セキュリティ強化プロジェクト改善,"本プロジェクトではリファクタリングやデータベース設計などに取り組んでいる。
[主な業務]
リファクタリング
データベース設計
パフォーマンス改善
要件分析",2025-01-03,2026-01-23
636,旅行予約システム導入,主な業務は技術選定、実装、自動テスト導入、デプロイやデータ分析である。,2024-08-29,
637,データ分析基盤開発,当プロジェクトではパフォーマンス改善、セキュリティ強化やクラウド移行に取り組んでいます。目的はバグ発生率低減です。,2024-12-21,2025-09-15
638,旅行予約システム構築,主な業務はUI/UX設計、デプロイ、CI/CD構築、コーディングやクラウド移行である。目指しているのはレスポンス時間短縮である。,2024-08-10,2024-12-13
639,医療情報システム設計,システム設計や実装を中心に行っています。また、CI/CD構築、パフォーマンス改善やタスク管理にも取り組んでいます。,2024-06-20,
640,健康管理アプリ構築,システム設計や実装を中心に行っています。また、データベース設計、システム設計、技術選定、アーキテクチャ設計やデプロイにも取り組んでいます。,2025-06-27,
641,旅行予約システム設計,"本プロジェクトでは自動テスト導入や運用保守などに取り組んでいる。
[主な作業]
自動テスト導入
運用保守
アーキテクチャ設計",2024-09-22,2025-07-09
642,機械学習モデル開発実装,"当プロジェクトでは要件定義やデータ分析などに取り組んでいます。
[主な業務]
要件定義
データ分析
レビュー
実装
これらの取り組みにより、性能向上を目指しています。",2025-01-29,
643,サブスク管理サービス開発,技術選定や設計レビューを行っています。,2025-10-31,2026-03-24
644,予約管理システム構築,現プロジェクトにおいてドキュメント作成、チームマネジメント、要件分析、テスト、CI/CD構築やデータ分析に取り組んでいる。,2025-05-04,
645,SNSアプリ実装,システム設計や実装を中心に行っている。また、セキュリティ強化、クラウド移行、パフォーマンス改善、技術選定やリファクタリングにも取り組んでいる。,2025-04-16,2026-11-23
646,BIツール導入改善,主な業務はUI/UX設計、チームマネジメント、システム設計、レビューやデプロイです。目指しているのはコスト削減です。,2024-09-18,2026-07-22
647,データレイク構築導入,当プロジェクトではシステム設計、セキュリティ強化、コーディング、テストやレビューに取り組んでいる。,2024-08-30,2025-04-03
648,グルメレビューアプリ開発,"当プロジェクトではテストや要件分析などに取り組んでいます。
[主な作業]
テスト
要件分析
リファクタリング
これらの取り組みにより、コスト削減を目指しています。",2024-10-19,
649,機械学習モデル開発導入,現プロジェクトにおいてクラウド移行、セキュリティ強化、UI/UX設計やデプロイに取り組んでいる。,2025-03-29,2026-06-07
650,動画配信サービス導入,レビュー、テストやパフォーマンス改善などの開発に取り組んでいます。,2025-01-26,2026-01-12
651,不動産プラットフォーム開発,本プロジェクトではインフラ構築、要件定義、UI/UX設計やアーキテクチャ設計に取り組んでいる。目的はユーザビリティ向上である。,2024-10-29,
652,教育向けアプリ実装,技術選定や設計レビューを行っています。,2024-04-07,2024-08-12
653,画像認識システム設計,技術選定や設計レビューを行っている。また、コーディング、デプロイや要件分析にも取り組んでいる。,2024-05-12,2026-02-08
654,金融システム改善,"現在進行中の案件においてはセキュリティ強化やクラウド移行などに取り組んでいます。
[主な作業]
セキュリティ強化
クラウド移行
ドキュメント作成
アーキテクチャ設計
コーディング
技術選定
これらの取り組みにより、性能向上を目指しています。",2025-01-05,
655,ニュース配信アプリ改善,主な業務はデータベース設計、コーディング、セキュリティ強化、技術選定や実装です。目指しているのはバグ発生率低減です。,2025-08-04,
656,グルメレビューアプリ改善,"現在進行中の案件においてはシステム設計や要件定義などに取り組んでいます。
[主な業務]
システム設計
要件定義
インフラ構築
これらの取り組みにより、コスト削減を目指しています。",2025-10-17,2026-09-07
657,AIチャットボット設計,"本プロジェクトでは要件分析やタスク管理などに取り組んでいる。
[主な業務]
要件分析
タスク管理
セキュリティ強化
テスト
リファクタリング
レビュー",2025-05-17,
658,BIツール導入開発,"当プロジェクトではCI/CD構築やデータ分析などに取り組んでいる。
[主な作業]
CI/CD構築
データ分析
UI/UX設計
技術選定",2024-10-02,2026-07-15
659,金融システム設計,"当プロジェクトではセキュリティ強化やシステム設計などに取り組んでいる。
[実施内容]
セキュリティ強化
システム設計
技術選定
インフラ構築
アーキテクチャ設計
クラウド移行",2024-05-16,
660,ニュース配信アプリ実装,当プロジェクトではパフォーマンス改善、UI/UX設計、セキュリティ強化、アーキテクチャ設計、タスク管理や運用保守に取り組んでいます。,2024-11-21,
661,動画配信サービス構築,当プロジェクトではデプロイ、クラウド移行、テストや運用保守に取り組んでいます。目的はユーザビリティ向上です。,2024-06-20,2026-01-25
662,ECプラットフォーム設計,"現プロジェクトにおいてCI/CD構築やデプロイなどに取り組んでいる。
[主な作業]
CI/CD構築
デプロイ
要件分析
運用保守
UI/UX設計
レビュー",2024-07-22,2025-10-01
663,医療情報システム開発,"当プロジェクトでは要件分析やタスク管理などに取り組んでいます。
[実施内容]
要件分析
タスク管理
クラウド移行
セキュリティ強化
これらの取り組みにより、ユーザビリティ向上を目指しています。",2024-12-11,
664,顧客管理システム導入,当プロジェクトではコーディング、実装やレビューに取り組んでいる。,2025-03-27,
665,物流管理システム改善,"このプロジェクトではデータ分析やUI/UX設計などに取り組んでいます。
[実施内容]
データ分析
UI/UX設計
インフラ構築
実装
要件分析",2025-04-05,
666,在庫管理システム改善,"現在進行中の案件においてはデプロイやアーキテクチャ設計などに取り組んでいます。
[主な作業]
デプロイ
アーキテクチャ設計
システム設計
自動テスト導入
ドキュメント作成",2025-08-20,2026-01-28
667,動画配信サービス改善,"このプロジェクトではリファクタリングやコーディングなどに取り組んでいます。
[主な作業]
リファクタリング
コーディング
アーキテクチャ設計
UI/UX設計",2024-02-15,
668,音声認識システム構築,"当プロジェクトではリファクタリングやパフォーマンス改善などに取り組んでいる。
[主な作業]
リファクタリング
パフォーマンス改善
実装
テスト
セキュリティ強化
これらの取り組みにより、リリースサイクルの短縮を目指している。",2024-12-17,
669,eラーニングシステム設計,当プロジェクトではシステム設計、CI/CD構築や運用保守に取り組んでいます。,2024-12-25,
670,旅行予約システム設計,システム設計や実装を中心に行っています。また、チームマネジメント、システム設計、ドキュメント作成やデータ分析にも取り組んでいます。目指しているのは運用コスト削減です。,2024-10-07,2025-10-12
671,BIツール導入実装,"現プロジェクトにおいて要件定義やCI/CD構築などに取り組んでいる。
[主な作業]
要件定義
CI/CD構築
運用保守
UI/UX設計
これらの取り組みにより、ユーザー満足度向上を目指している。",2024-10-23,2025-09-12
672,顧客管理システム開発,"このプロジェクトではシステム設計や自動テスト導入などに取り組んでいます。
[主な業務]
システム設計
自動テスト導入
レビュー
タスク管理
チームマネジメント",2024-11-13,2025-07-30
673,旅行予約システム導入,レビュー、チームマネジメント、運用保守や自動テスト導入などの開発に取り組んでいる。,2025-10-04,
674,セキュリティ強化プロジェクト実装,主な業務はレビュー、セキュリティ強化やクラウド移行です。,2024-02-09,
675,ECプラットフォーム実装,システム設計や実装を中心に行っています。,2025-01-04,2026-07-21
676,在庫管理システム開発,"現在進行中の案件においてはテストやタスク管理などに取り組んでいます。
[実施内容]
テスト
タスク管理
要件分析
これらの取り組みにより、性能向上を目指しています。",2024-05-07,
677,SNSアプリ構築,現在進行中の案件においてはインフラ構築、運用保守、デプロイ、要件分析、リファクタリングやドキュメント作成に取り組んでいます。,2025-08-05,2026-05-15
678,HRテックサービス実装,"当プロジェクトではチームマネジメントやパフォーマンス改善などに取り組んでいます。
[主な業務]
チームマネジメント
パフォーマンス改善
システム設計
レビュー",2024-01-19,2025-08-18
679,医療情報システム実装,当プロジェクトでは要件分析、技術選定、パフォーマンス改善やテストに取り組んでいます。目的はコスト削減です。,2025-05-28,2026-07-19
680,クラウド移行プロジェクト実装,システム設計や実装を中心に行っている。また、デプロイ、ドキュメント作成やコーディングにも取り組んでいる。,2025-10-11,
681,セキュリティ強化プロジェクト構築,当プロジェクトでは運用保守、自動テスト導入、CI/CD構築、パフォーマンス改善、デプロイや実装に取り組んでいます。目的はコスト削減です。,2024-12-11,2025-11-05
682,データレイク構築実装,本プロジェクトではレビュー、UI/UX設計、インフラ構築やチームマネジメントに取り組んでいる。,2025-08-04,2026-12-31
683,不動産プラットフォーム改善,このプロジェクトでは自動テスト導入、データベース設計、運用保守、コーディング、CI/CD構築やデータ分析に取り組んでいます。目的はバグ発生率低減です。,2024-04-03,
684,データレイク構築実装,システム設計や実装を中心に行っています。また、システム設計、レビュー、技術選定、自動テスト導入やインフラ構築にも取り組んでいます。目指しているのは品質改善です。,2024-08-10,2026-04-01
685,グルメレビューアプリ開発,主な業務はデプロイ、アーキテクチャ設計、自動テスト導入や技術選定である。,2025-09-13,2026-12-31
686,データレイク構築実装,運用保守、データベース設計、レビュー、アーキテクチャ設計やチームマネジメントなどの開発に取り組んでいます。,2024-09-19,2026-07-17
687,HRテックサービス設計,現プロジェクトにおいてリファクタリング、実装、パフォーマンス改善やシステム設計に取り組んでいる。,2024-05-17,
688,eラーニングシステム設計,システム設計や実装を中心に行っています。また、インフラ構築、要件分析やコーディングにも取り組んでいます。,2025-10-30,
689,チャットボット実装,本プロジェクトではドキュメント作成、自動テスト導入、インフラ構築、UI/UX設計、セキュリティ強化やコーディングに取り組んでいる。目的は開発効率向上である。,2024-05-20,2026-03-02
690,医療情報システム開発,"現プロジェクトにおいてCI/CD構築やクラウド移行などに取り組んでいる。
[実施内容]
CI/CD構築
クラウド移行
テスト",2024-12-03,
691,動画配信サービス実装,"当プロジェクトではレビューやテストなどに取り組んでいます。
[主な作業]
レビュー
テスト
ドキュメント作成
これらの取り組みにより、運用コスト削減を目指しています。",2025-09-20,2026-03-07
692,グルメレビューアプリ改善,システム設計や実装を中心に行っている。また、要件定義、実装、チームマネジメント、デプロイやCI/CD構築にも取り組んでいる。,2025-04-30,
693,ニュース配信アプリ開発,システム設計や実装を中心に行っている。,2025-08-05,2026-07-24
694,セキュリティ強化プロジェクト構築,主な業務は要件定義、コーディング、UI/UX設計、クラウド移行、セキュリティ強化やCI/CD構築です。目指しているのは品質改善です。,2024-03-05,
695,セキュリティ強化プロジェクト改善,このプロジェクトではデータベース設計、パフォーマンス改善やタスク管理に取り組んでいます。目的はレスポンス時間短縮です。,2024-06-24,2024-10-23
696,画像認識システム設計,"当プロジェクトでは要件分析やコーディングなどに取り組んでいる。
[主な業務]
要件分析
コーディング
ドキュメント作成",2024-11-14,
697,教育向けアプリ構築,このプロジェクトではテスト、チームマネジメント、ドキュメント作成やCI/CD構築に取り組んでいます。目的は性能向上です。,2025-02-09,
698,顧客管理システム実装,現プロジェクトにおいてクラウド移行、技術選定、コーディングや自動テスト導入に取り組んでいる。目的はレスポンス時間短縮である。,2024-11-01,
699,画像認識システム改善,主な業務はテスト、パフォーマンス改善、レビュー、要件定義やコーディングである。,2024-04-20,2025-05-31
700,ニュース配信アプリ改善,"本プロジェクトではデータベース設計やドキュメント作成などに取り組んでいる。
[主な作業]
データベース設計
ドキュメント作成
リファクタリング
技術選定
タスク管理
運用保守
これらの取り組みにより、ユーザビリティ向上を目指している。",2025-09-28,
701,金融システム導入,システム設計や実装を中心に行っている。,2024-06-29,2026-04-06
702,ニュース配信アプリ改善,現プロジェクトにおいてドキュメント作成、UI/UX設計やレビューに取り組んでいる。,2024-12-30,2026-09-10
703,サブスク管理サービス改善,当プロジェクトではセキュリティ強化、レビュー、自動テスト導入、技術選定、クラウド移行や要件分析に取り組んでいます。目的は開発効率向上です。,2024-07-08,2024-12-23
704,ブロックチェーン開発導入,現在進行中の案件においてはデータ分析、実装、クラウド移行、ドキュメント作成やインフラ構築に取り組んでいます。目的は性能向上です。,2024-12-12,2025-03-18
705,画像認識システム実装,本プロジェクトではパフォーマンス改善、テストやシステム設計に取り組んでいる。目的は品質改善である。,2024-11-04,
706,チャットボット導入,主な業務は実装、要件分析、データ分析、セキュリティ強化やCI/CD構築です。目指しているのはユーザー満足度向上です。,2025-10-02,
707,動画配信サービス設計,主な業務はアーキテクチャ設計、レビュー、実装や技術選定である。,2024-12-26,2025-10-15
708,不動産プラットフォーム設計,本プロジェクトではドキュメント作成、レビュー、データベース設計やCI/CD構築に取り組んでいる。目的はバグ発生率低減である。,2025-10-24,2026-12-31
709,音声認識システム実装,このプロジェクトではテスト、データ分析や技術選定に取り組んでいます。目的はコスト削減です。,2025-10-15,2026-10-13
710,SNSアプリ構築,"当プロジェクトではドキュメント作成や自動テスト導入などに取り組んでいます。
[主な作業]
ドキュメント作成
自動テスト導入
パフォーマンス改善
運用保守
これらの取り組みにより、レスポンス時間短縮を目指しています。",2024-03-25,
711,在庫管理システム開発,"当プロジェクトでは運用保守やレビューなどに取り組んでいます。
[実施内容]
運用保守
レビュー
データベース設計
これらの取り組みにより、運用コスト削減を目指しています。",2024-03-09,2025-03-13
712,データ分析基盤改善,"当プロジェクトではデータ分析やインフラ構築などに取り組んでいます。
[主な作業]
データ分析
インフラ構築
コーディング
技術選定",2024-02-16,2025-04-17
713,顧客管理システム実装,主な業務はインフラ構築、デプロイ、タスク管理、技術選定、クラウド移行や自動テスト導入です。,2025-04-13,2026-12-31
714,データ分析基盤実装,主な業務はセキュリティ強化、データ分析、データベース設計やテストです。目指しているのは性能向上です。,2025-03-13,
715,予約管理システム実装,"現プロジェクトにおいてインフラ構築やUI/UX設計などに取り組んでいる。
[主な作業]
インフラ構築
UI/UX設計
コーディング
要件定義",2024-05-09,2024-09-05
716,クラウド移行プロジェクト実装,現在進行中の案件においてはセキュリティ強化、チームマネジメント、クラウド移行やCI/CD構築に取り組んでいます。目的は性能向上です。,2025-06-14,
717,チャットボット設計,主な業務はクラウド移行、自動テスト導入、運用保守やCI/CD構築である。,2025-04-08,
718,データ分析基盤開発,現プロジェクトにおいてCI/CD構築、セキュリティ強化、要件定義やデプロイに取り組んでいる。,2024-11-10,
719,健康管理アプリ開発,現在進行中の案件においてはテスト、要件分析やデータベース設計に取り組んでいます。,2025-01-22,2026-11-07
720,在庫管理システム実装,システム設計や実装を中心に行っています。目指しているのはリリースサイクルの短縮です。,2024-07-25,2026-06-12
721,旅行予約システム実装,運用保守、クラウド移行や要件定義などの開発に取り組んでいる。目指しているのはユーザビリティ向上である。,2024-12-06,
722,SNSアプリ設計,このプロジェクトでは実装、要件分析、タスク管理やデータベース設計に取り組んでいます。,2024-04-10,2024-10-20
723,ECプラットフォーム実装,システム設計や実装を中心に行っています。また、要件分析、レビューやデータベース設計にも取り組んでいます。,2025-05-01,
724,画像認識システム開発,システム設計や実装を中心に行っている。また、技術選定、ドキュメント作成、チームマネジメント、運用保守、テストやセキュリティ強化にも取り組んでいる。目指しているのはリリースサイクルの短縮である。,2024-02-12,
725,IoTプラットフォーム実装,現在進行中の案件においてはデータベース設計、コーディング、パフォーマンス改善や運用保守に取り組んでいます。,2024-02-22,2024-12-14
726,ECプラットフォーム改善,タスク管理、アーキテクチャ設計、実装、コーディングやドキュメント作成などの開発に取り組んでいる。目指しているのは開発効率向上である。,2024-08-02,
727,クラウド移行プロジェクト構築,システム設計や実装を中心に行っています。また、リファクタリング、パフォーマンス改善、CI/CD構築、ドキュメント作成やタスク管理にも取り組んでいます。目指しているのはレスポンス時間短縮です。,2024-04-09,
728,セキュリティ強化プロジェクト設計,当プロジェクトではパフォーマンス改善、ドキュメント作成、データベース設計、運用保守、リファクタリングや技術選定に取り組んでいる。目的はバグ発生率低減である。,2025-06-29,2026-12-31
729,データレイク構築導入,技術選定や設計レビューを行っている。また、要件定義、テストや自動テスト導入にも取り組んでいる。,2024-01-18,2025-12-15
730,機械学習モデル開発構築,クラウド移行、実装、ドキュメント作成、パフォーマンス改善、セキュリティ強化やアーキテクチャ設計などの開発に取り組んでいます。,2024-12-08,
731,サブスク管理サービス設計,"本プロジェクトでは運用保守やデプロイなどに取り組んでいる。
[主な作業]
運用保守
デプロイ
パフォーマンス改善
チームマネジメント
UI/UX設計
クラウド移行
これらの取り組みにより、コスト削減を目指している。",2024-09-02,2026-03-20
732,機械学習モデル開発設計,当プロジェクトでは要件分析、技術選定、レビュー、タスク管理、セキュリティ強化やインフラ構築に取り組んでいます。目的はコスト削減です。,2024-06-09,
733,予約管理システム開発,"現プロジェクトにおいてリファクタリングや自動テスト導入などに取り組んでいる。
[実施内容]
リファクタリング
自動テスト導入
セキュリティ強化",2024-03-03,2025-11-15
734,ブロックチェーン開発実装,システム設計や実装を中心に行っています。,2025-01-31,
735,チャットボット開発,当プロジェクトではパフォーマンス改善、デプロイ、レビュー、UI/UX設計やテストに取り組んでいる。,2024-12-21,
736,AIチャットボット導入,"このプロジェクトではチームマネジメントやコーディングなどに取り組んでいます。
[主な作業]
チームマネジメント
コーディング
インフラ構築",2025-08-30,
737,IoTプラットフォーム導入,技術選定や設計レビューを行っています。また、ドキュメント作成、テスト、データベース設計、レビュー、セキュリティ強化やコーディングにも取り組んでいます。,2024-02-15,2024-05-03
738,SNSアプリ構築,技術選定や設計レビューを行っている。また、アーキテクチャ設計、データ分析、タスク管理、インフラ構築やデータベース設計にも取り組んでいる。目指しているのはユーザー満足度向上である。,2025-07-19,
739,ECプラットフォーム構築,主な業務はチームマネジメント、コーディング、UI/UX設計、パフォーマンス改善、クラウド移行やセキュリティ強化である。,2025-04-14,2026-12-31
740,IoTプラットフォーム導入,技術選定や設計レビューを行っています。また、技術選定、運用保守、UI/UX設計や実装にも取り組んでいます。目指しているのはレスポンス時間短縮です。,2024-12-13,
741,HRテックサービス導入,データベース設計、運用保守、リファクタリング、アーキテクチャ設計、チームマネジメントやレビューなどの開発に取り組んでいる。,2025-08-08,2026-10-15
742,データ分析基盤導入,"当プロジェクトではテストや要件分析などに取り組んでいます。
[主な作業]
テスト
要件分析
データ分析
ドキュメント作成
チームマネジメント",2024-08-02,2025-07-20
743,ECプラットフォーム改善,このプロジェクトでは運用保守、テスト、実装やドキュメント作成に取り組んでいます。目的は運用コスト削減です。,2024-01-04,
744,ニュース配信アプリ開発,当プロジェクトではコーディング、実装、技術選定、テストや要件分析に取り組んでいる。目的はコスト削減である。,2025-09-15,
745,金融システム設計,"現プロジェクトにおいてシステム設計やドキュメント作成などに取り組んでいる。
[実施内容]
システム設計
ドキュメント作成
要件分析
UI/UX設計
要件定義
レビュー
これらの取り組みにより、開発効率向上を目指している。",2024-09-26,2026-01-17
746,AIチャットボット構築,"現プロジェクトにおいてシステム設計やデータベース設計などに取り組んでいる。
[実施内容]
システム設計
データベース設計
レビュー",2025-06-15,2026-12-31
747,機械学習モデル開発設計,現プロジェクトにおいてデータ分析、リファクタリングやデータベース設計に取り組んでいる。目的はユーザビリティ向上である。,2025-08-18,
748,機械学習モデル開発改善,"本プロジェクトではデータ分析やシステム設計などに取り組んでいる。
[主な作業]
データ分析
システム設計
レビュー
セキュリティ強化
これらの取り組みにより、品質改善を目指している。",2024-03-30,
749,ニュース配信アプリ設計,"現在進行中の案件においてはアーキテクチャ設計やデプロイなどに取り組んでいます。
[実施内容]
アーキテクチャ設計
デプロイ
クラウド移行
これらの取り組みにより、ユーザビリティ向上を目指しています。",2024-05-04,
750,画像認識システム改善,"現在進行中の案件においては要件定義や自動テスト導入などに取り組んでいます。
[主な業務]
要件定義
自動テスト導入
チームマネジメント
タスク管理
CI/CD構築",2025-05-01,2026-01-07
751,在庫管理システム開発,"当プロジェクトでは要件分析やデータベース設計などに取り組んでいる。
[主な業務]
要件分析
データベース設計
技術選定
ドキュメント作成
インフラ構築
セキュリティ強化
これらの取り組みにより、ユーザー満足度向上を目指している。",2024-05-08,2026-01-18
752,健康管理アプリ実装,主な業務はCI/CD構築、インフラ構築やコーディングである。,2025-02-07,2026-12-13
753,HRテックサービス開発,"本プロジェクトではデータ分析やデプロイなどに取り組んでいる。
[主な作業]
データ分析
デプロイ
レビュー
自動テスト導入
テスト
UI/UX設計",2024-03-24,2025-04-12
754,金融システム開発,主な業務はCI/CD構築、パフォーマンス改善、ドキュメント作成や要件分析である。,2025-05-08,2026-12-31
755,機械学習モデル開発構築,現プロジェクトにおいて要件定義、レビュー、UI/UX設計やドキュメント作成に取り組んでいる。目的は性能向上である。,2024-05-18,2026-04-11
756,機械学習モデル開発実装,"このプロジェクトでは技術選定やドキュメント作成などに取り組んでいます。
[主な業務]
技術選定
ドキュメント作成
CI/CD構築
これらの取り組みにより、ユーザビリティ向上を目指しています。",2025-01-06,
757,ブロックチェーン開発実装,当プロジェクトではテスト、実装やデータ分析に取り組んでいます。目的は運用コスト削減です。,2024-12-24,
758,チャットボット開発,"現在進行中の案件においてはタスク管理やクラウド移行などに取り組んでいます。
[主な業務]
タスク管理
クラウド移行
実装
要件定義
テスト
これらの取り組みにより、レスポンス時間短縮を目指しています。",2024-06-26,2025-09-17
759,グルメレビューアプリ設計,"当プロジェクトではCI/CD構築やレビューなどに取り組んでいます。
[主な作業]
CI/CD構築
レビュー
要件分析
技術選定",2025-07-14,2026-03-12
760,クラウド移行プロジェクト構築,コーディング、パフォーマンス改善、自動テスト導入、レビューやタスク管理などの開発に取り組んでいる。,2024-02-18,2024-12-24
761,物流管理システム開発,本プロジェクトではシステム設計、CI/CD構築、セキュリティ強化やレビューに取り組んでいる。,2024-12-04,
762,クラウド移行プロジェクト設計,システム設計や実装を中心に行っている。目指しているのはコスト削減である。,2025-10-16,2026-12-31
763,医療情報システム構築,システム設計や実装を中心に行っています。目指しているのはユーザー満足度向上です。,2024-12-25,
764,eラーニングシステム実装,技術選定や設計レビューを行っています。,2025-08-09,
765,動画配信サービス構築,主な業務はリファクタリング、アーキテクチャ設計、レビューや自動テスト導入である。,2024-12-02,2026-02-04
766,物流管理システム設計,技術選定や設計レビューを行っています。また、リファクタリング、運用保守やチームマネジメントにも取り組んでいます。,2025-10-08,
767,不動産プラットフォーム構築,システム設計や実装を中心に行っている。また、クラウド移行、データ分析、UI/UX設計、CI/CD構築や実装にも取り組んでいる。目指しているのはバグ発生率低減である。,2025-02-08,2026-07-22
768,ブロックチェーン開発開発,技術選定や設計レビューを行っている。,2024-11-16,2025-06-18
769,HRテックサービス改善,リファクタリング、CI/CD構築、データベース設計やインフラ構築などの開発に取り組んでいます。目指しているのはユーザビリティ向上です。,2025-09-27,
770,物流管理システム実装,当プロジェクトでは自動テスト導入、クラウド移行、テスト、デプロイ、タスク管理やシステム設計に取り組んでいる。,2025-02-19,2025-07-06
771,eラーニングシステム設計,実装、CI/CD構築やセキュリティ強化などの開発に取り組んでいます。目指しているのはコスト削減です。,2024-04-14,
772,不動産プラットフォーム設計,"現在進行中の案件においてはタスク管理やクラウド移行などに取り組んでいます。
[主な作業]
タスク管理
クラウド移行
デプロイ
アーキテクチャ設計",2025-06-02,2026-08-13
773,BIツール導入改善,当プロジェクトでは要件分析、パフォーマンス改善や技術選定に取り組んでいる。目的はユーザビリティ向上である。,2024-06-13,
774,BIツール導入構築,"当プロジェクトではテストや運用保守などに取り組んでいる。
[主な業務]
テスト
運用保守
コーディング
データ分析
技術選定
自動テスト導入
これらの取り組みにより、ユーザビリティ向上を目指している。",2024-02-14,2025-07-16
775,画像認識システム導入,本プロジェクトではUI/UX設計、実装、運用保守やコーディングに取り組んでいる。,2025-07-24,
776,不動産プラットフォーム実装,システム設計や実装を中心に行っています。また、UI/UX設計、パフォーマンス改善やテストにも取り組んでいます。,2025-04-01,2026-10-04
777,HRテックサービス実装,"現在進行中の案件においては技術選定やレビューなどに取り組んでいます。
[主な業務]
技術選定
レビュー
実装
これらの取り組みにより、リリースサイクルの短縮を目指しています。",2024-08-21,2026-01-07
778,音声認識システム実装,このプロジェクトではテスト、パフォーマンス改善、アーキテクチャ設計、セキュリティ強化や要件定義に取り組んでいます。目的は性能向上です。,2024-04-12,
779,AIチャットボット改善,システム設計や実装を中心に行っています。,2024-05-29,2026-01-14
780,金融システム構築,システム設計や実装を中心に行っている。,2025-05-20,2026-07-08
781,ECプラットフォーム改善,技術選定や設計レビューを行っています。目指しているのはユーザー満足度向上です。,2024-12-21,
782,旅行予約システム実装,"本プロジェクトでは要件定義やテストなどに取り組んでいる。
[実施内容]
要件定義
テスト
自動テスト導入
パフォーマンス改善
システム設計
これらの取り組みにより、性能向上を目指している。",2024-02-10,2025-06-06
783,データレイク構築設計,このプロジェクトではコーディング、レビュー、データベース設計、要件分析やテストに取り組んでいます。目的は品質改善です。,2024-11-27,
784,顧客管理システム導入,要件分析、デプロイ、インフラ構築、システム設計、セキュリティ強化やレビューなどの開発に取り組んでいる。,2024-05-05,
785,eラーニングシステム設計,"当プロジェクトではセキュリティ強化やチームマネジメントなどに取り組んでいます。
[主な業務]
セキュリティ強化
チームマネジメント
ドキュメント作成
コーディング
UI/UX設計",2025-05-13,2026-04-23
786,BIツール導入構築,技術選定や設計レビューを行っています。,2024-01-18,2025-05-03
787,クラウド移行プロジェクト導入,技術選定や設計レビューを行っています。また、UI/UX設計、インフラ構築、テスト、CI/CD構築やアーキテクチャ設計にも取り組んでいます。目指しているのはリリースサイクルの短縮です。,2025-10-11,
788,音声認識システム改善,"現在進行中の案件においてはクラウド移行やデータ分析などに取り組んでいます。
[主な作業]
クラウド移行
データ分析
データベース設計",2024-07-21,
789,医療情報システム構築,"現在進行中の案件においてはアーキテクチャ設計やインフラ構築などに取り組んでいます。
[主な業務]
アーキテクチャ設計
インフラ構築
UI/UX設計
デプロイ",2025-10-11,2026-12-31
790,健康管理アプリ設計,システム設計や実装を中心に行っています。,2024-09-14,
791,グルメレビューアプリ開発,"現プロジェクトにおいてテストやドキュメント作成などに取り組んでいる。
[実施内容]
テスト
ドキュメント作成
アーキテクチャ設計
リファクタリング",2025-09-29,
792,AIチャットボット設計,"現プロジェクトにおいてコーディングやインフラ構築などに取り組んでいる。
[実施内容]
コーディング
インフラ構築
実装
セキュリティ強化
これらの取り組みにより、バグ発生率低減を目指している。",2024-12-25,
793,顧客管理システム実装,現プロジェクトにおいてアーキテクチャ設計、レビュー、コーディング、クラウド移行、自動テスト導入や要件定義に取り組んでいる。,2025-02-19,
794,セキュリティ強化プロジェクト構築,当プロジェクトではアーキテクチャ設計、チームマネジメント、技術選定、レビュー、パフォーマンス改善やドキュメント作成に取り組んでいる。,2024-09-17,2025-02-08
795,チャットボット改善,現在進行中の案件においてはシステム設計、技術選定、運用保守、実装、自動テスト導入やテストに取り組んでいます。,2025-06-30,
796,AIチャットボット設計,"当プロジェクトではデプロイやタスク管理などに取り組んでいます。
[実施内容]
デプロイ
タスク管理
運用保守",2024-10-11,
797,セキュリティ強化プロジェクト改善,"このプロジェクトでは要件分析やドキュメント作成などに取り組んでいます。
[主な業務]
要件分析
ドキュメント作成
データ分析
アーキテクチャ設計
技術選定",2024-04-01,2025-04-28
798,健康管理アプリ設計,このプロジェクトではデプロイ、インフラ構築やタスク管理に取り組んでいます。,2025-01-15,2025-07-24
799,IoTプラットフォーム実装,当プロジェクトではレビュー、デプロイ、クラウド移行、要件定義や実装に取り組んでいます。目的はコスト削減です。,2024-08-26,2025-05-28
800,セキュリティ強化プロジェクト改善,"当プロジェクトではアーキテクチャ設計やデータ分析などに取り組んでいます。
[主な作業]
アーキテクチャ設計
データ分析
パフォーマンス改善
これらの取り組みにより、リリースサイクルの短縮を目指しています。",2024-01-07,2025-07-21
801,eラーニングシステム設計,現在進行中の案件においてはデプロイ、テスト、自動テスト導入やコーディングに取り組んでいます。,2024-08-15,2025-07-09
802,金融システム導入,クラウド移行、テスト、アーキテクチャ設計や実装などの開発に取り組んでいる。目指しているのはバグ発生率低減である。,2025-10-28,
803,チャットボット改善,"当プロジェクトではデータ分析やコーディングなどに取り組んでいます。
[主な業務]
データ分析
コーディング
運用保守
UI/UX設計
パフォーマンス改善
ドキュメント作成
これらの取り組みにより、バグ発生率低減を目指しています。",2024-03-08,2025-02-17
804,データレイク構築改善,現在進行中の案件においてはタスク管理、チームマネジメント、要件定義、UI/UX設計や実装に取り組んでいます。目的はユーザビリティ向上です。,2024-07-12,2025-02-12
805,物流管理システム設計,"当プロジェクトではタスク管理やデプロイなどに取り組んでいる。
[実施内容]
タスク管理
デプロイ
データベース設計
リファクタリング
チームマネジメント",2024-03-02,
806,クラウド移行プロジェクト実装,データ分析、コーディングやドキュメント作成などの開発に取り組んでいる。目指しているのはユーザー満足度向上である。,2025-10-29,
807,SNSアプリ導入,"当プロジェクトでは自動テスト導入や運用保守などに取り組んでいる。
[主な業務]
自動テスト導入
運用保守
アーキテクチャ設計
リファクタリング
レビュー",2025-05-14,2025-10-29
808,AIチャットボット改善,"当プロジェクトでは技術選定やリファクタリングなどに取り組んでいます。
[主な作業]
技術選定
リファクタリング
UI/UX設計",2025-08-18,
809,BIツール導入開発,"本プロジェクトでは自動テスト導入や運用保守などに取り組んでいる。
[実施内容]
自動テスト導入
運用保守
セキュリティ強化
これらの取り組みにより、バグ発生率低減を目指している。",2024-10-07,
810,金融システム導入,"当プロジェクトでは運用保守やタスク管理などに取り組んでいます。
[主な業務]
運用保守
タスク管理
テスト
インフラ構築
自動テスト導入",2025-02-01,2026-08-16
811,動画配信サービス実装,主な業務は要件定義、データベース設計、セキュリティ強化、リファクタリング、システム設計やクラウド移行である。目指しているのはコスト削減である。,2024-09-08,2026-05-23
812,予約管理システム構築,UI/UX設計、セキュリティ強化やテストなどの開発に取り組んでいます。目指しているのは開発効率向上です。,2024-03-07,
813,データレイク構築改善,技術選定や設計レビューを行っています。また、タスク管理、デプロイ、レビュー、データベース設計やクラウド移行にも取り組んでいます。,2025-07-05,2026-04-29
814,物流管理システム開発,このプロジェクトではクラウド移行、セキュリティ強化や運用保守に取り組んでいます。目的は開発効率向上です。,2024-11-30,2025-11-16
815,BIツール導入改善,当プロジェクトでは要件定義、パフォーマンス改善やタスク管理に取り組んでいます。目的は運用コスト削減です。,2024-07-05,2025-12-05
816,サブスク管理サービス改善,"当プロジェクトではチームマネジメントやデプロイなどに取り組んでいます。
[主な作業]
チームマネジメント
デプロイ
レビュー
セキュリティ強化
パフォーマンス改善
データ分析
これらの取り組みにより、ユーザー満足度向上を目指しています。",2024-07-25,2025-12-03
817,データレイク構築開発,リファクタリング、技術選定、インフラ構築、システム設計やCI/CD構築などの開発に取り組んでいる。,2024-04-23,2025-11-17
818,不動産プラットフォーム開発,主な業務は運用保守、CI/CD構築、テストやシステム設計である。目指しているのは運用コスト削減である。,2024-10-08,2026-02-21
819,医療情報システム実装,主な業務はシステム設計、データ分析、チームマネジメント、要件分析や自動テスト導入である。,2024-07-04,
820,物流管理システム実装,"当プロジェクトではレビューやセキュリティ強化などに取り組んでいる。
[主な作業]
レビュー
セキュリティ強化
インフラ構築
要件定義
これらの取り組みにより、性能向上を目指している。",2025-07-02,2026-06-26
821,ECプラットフォーム導入,"本プロジェクトではUI/UX設計やデプロイなどに取り組んでいる。
[主な業務]
UI/UX設計
デプロイ
レビュー
クラウド移行",2025-11-03,
822,ニュース配信アプリ設計,現プロジェクトにおいてシステム設計、タスク管理、CI/CD構築や技術選定に取り組んでいる。,2024-04-05,2025-08-18
823,IoTプラットフォーム実装,本プロジェクトではリファクタリング、セキュリティ強化、デプロイ、要件定義、チームマネジメントやインフラ構築に取り組んでいる。,2025-04-13,2026-05-17
824,ブロックチェーン開発開発,"当プロジェクトでは運用保守やデータベース設計などに取り組んでいる。
[主な作業]
運用保守
データベース設計
リファクタリング
システム設計",2025-11-01,2026-12-31
825,不動産プラットフォーム実装,現在進行中の案件においてはインフラ構築、セキュリティ強化、要件分析やレビューに取り組んでいます。,2025-07-28,2026-11-25
826,データレイク構築導入,"本プロジェクトでは自動テスト導入やクラウド移行などに取り組んでいる。
[実施内容]
自動テスト導入
クラウド移行
データベース設計",2024-03-16,2025-06-07
827,HRテックサービス構築,技術選定や設計レビューを行っている。,2025-03-27,2025-07-12
828,金融システム構築,当プロジェクトでは自動テスト導入、ドキュメント作成、レビュー、技術選定やアーキテクチャ設計に取り組んでいます。目的は性能向上です。,2024-10-14,
829,旅行予約システム設計,現在進行中の案件においては自動テスト導入、実装やアーキテクチャ設計に取り組んでいます。目的はリリースサイクルの短縮です。,2024-12-27,
830,ブロックチェーン開発構築,"当プロジェクトではタスク管理やCI/CD構築などに取り組んでいます。
[主な作業]
タスク管理
CI/CD構築
データベース設計
これらの取り組みにより、ユーザー満足度向上を目指しています。",2025-03-16,
831,金融システム導入,本プロジェクトではチームマネジメント、自動テスト導入、実装やデータ分析に取り組んでいる。,2025-03-18,
832,SNSアプリ設計,本プロジェクトではシステム設計、コーディング、アーキテクチャ設計や自動テスト導入に取り組んでいる。目的はユーザー満足度向上である。,2025-11-05,2026-12-31
833,顧客管理システム開発,"本プロジェクトではドキュメント作成やコーディングなどに取り組んでいる。
[主な作業]
ドキュメント作成
コーディング
実装
運用保守
UI/UX設計
チームマネジメント",2025-07-19,
834,動画配信サービス改善,システム設計や実装を中心に行っています。,2025-08-03,
835,在庫管理システム実装,主な業務はレビュー、アーキテクチャ設計、インフラ構築、技術選定、自動テスト導入やUI/UX設計である。目指しているのはレスポンス時間短縮である。,2024-06-24,2024-08-27
836,ブロックチェーン開発導入,"現プロジェクトにおいてCI/CD構築やチームマネジメントなどに取り組んでいる。
[実施内容]
CI/CD構築
チームマネジメント
インフラ構築
テスト",2024-09-27,
837,ECプラットフォーム構築,主な業務はデータ分析、セキュリティ強化、データベース設計、実装やタスク管理です。目指しているのはユーザー満足度向上です。,2024-06-06,2025-11-07
838,グルメレビューアプリ構築,ドキュメント作成、要件定義、CI/CD構築、アーキテクチャ設計、システム設計やデータベース設計などの開発に取り組んでいます。目指しているのは開発効率向上です。,2025-04-26,
839,eラーニングシステム実装,"現在進行中の案件においてはクラウド移行やチームマネジメントなどに取り組んでいます。
[主な業務]
クラウド移行
チームマネジメント
アーキテクチャ設計
これらの取り組みにより、コスト削減を目指しています。",2024-02-14,
840,ブロックチェーン開発構築,"本プロジェクトではデータベース設計やインフラ構築などに取り組んでいる。
[主な作業]
データベース設計
インフラ構築
実装
リファクタリング
これらの取り組みにより、ユーザビリティ向上を目指している。",2024-06-12,2025-07-17
841,ニュース配信アプリ構築,"本プロジェクトではドキュメント作成やクラウド移行などに取り組んでいる。
[実施内容]
ドキュメント作成
クラウド移行
運用保守
セキュリティ強化
要件分析",2024-06-17,2026-04-12
842,動画配信サービス実装,このプロジェクトではデータ分析、自動テスト導入やCI/CD構築に取り組んでいます。目的はコスト削減です。,2024-11-28,
843,画像認識システム改善,"当プロジェクトではデプロイやアーキテクチャ設計などに取り組んでいます。
[実施内容]
デプロイ
アーキテクチャ設計
クラウド移行
CI/CD構築
リファクタリング
これらの取り組みにより、運用コスト削減を目指しています。",2024-02-01,
844,機械学習モデル開発改善,技術選定や設計レビューを行っている。また、運用保守、データベース設計やパフォーマンス改善にも取り組んでいる。,2025-05-24,2026-10-06
845,AIチャットボット改善,このプロジェクトではチームマネジメント、運用保守、自動テスト導入、データベース設計、データ分析やセキュリティ強化に取り組んでいます。目的はコスト削減です。,2024-10-19,2024-12-19
846,金融システム開発,主な業務はレビュー、インフラ構築、要件分析、技術選定やセキュリティ強化です。,2024-09-03,
847,HRテックサービス改善,当プロジェクトでは自動テスト導入、システム設計、実装、要件定義、セキュリティ強化やアーキテクチャ設計に取り組んでいる。目的は運用コスト削減である。,2024-09-10,2026-03-07
848,ECプラットフォーム設計,当プロジェクトではレビュー、インフラ構築やドキュメント作成に取り組んでいる。目的はコスト削減である。,2025-10-02,
849,HRテックサービス実装,当プロジェクトではデータベース設計、テスト、タスク管理、要件分析、要件定義や運用保守に取り組んでいます。目的は開発効率向上です。,2024-01-12,2025-06-13
850,ブロックチェーン開発構築,主な業務は運用保守、リファクタリングやデプロイです。目指しているのはリリースサイクルの短縮です。,2025-05-04,2026-07-28
851,サブスク管理サービス改善,システム設計や実装を中心に行っています。また、クラウド移行、要件分析、アーキテクチャ設計、デプロイ、セキュリティ強化やパフォーマンス改善にも取り組んでいます。,2025-09-30,
852,物流管理システム改善,リファクタリング、ドキュメント作成やチームマネジメントなどの開発に取り組んでいる。目指しているのは性能向上である。,2025-06-12,2026-04-12
853,チャットボット設計,運用保守、データ分析やリファクタリングなどの開発に取り組んでいます。目指しているのは品質改善です。,2025-11-09,
854,ブロックチェーン開発設計,"現プロジェクトにおいてインフラ構築や要件定義などに取り組んでいる。
[実施内容]
インフラ構築
要件定義
タスク管理
自動テスト導入
これらの取り組みにより、コスト削減を目指している。",2024-02-14,2025-11-21
855,顧客管理システム実装,"現プロジェクトにおいてパフォーマンス改善や技術選定などに取り組んでいる。
[主な作業]
パフォーマンス改善
技術選定
UI/UX設計
アーキテクチャ設計
コーディング
CI/CD構築
これらの取り組みにより、コスト削減を目指している。",2024-07-17,2026-04-10
856,チャットボット導入,このプロジェクトではインフラ構築、タスク管理、ドキュメント作成、パフォーマンス改善、チームマネジメントやシステム設計に取り組んでいます。目的は運用コスト削減です。,2025-07-25,
857,BIツール導入実装,"このプロジェクトではインフラ構築や技術選定などに取り組んでいます。
[主な作業]
インフラ構築
技術選定
アーキテクチャ設計
テスト
運用保守
実装
これらの取り組みにより、開発効率向上を目指しています。",2024-06-19,
858,ブロックチェーン開発開発,レビュー、アーキテクチャ設計、システム設計、要件定義やリファクタリングなどの開発に取り組んでいます。,2025-06-17,
859,予約管理システム構築,システム設計や実装を中心に行っています。,2025-07-25,
860,IoTプラットフォーム改善,システム設計や実装を中心に行っています。,2025-06-25,2025-11-05
861,HRテックサービス構築,"当プロジェクトではレビューやパフォーマンス改善などに取り組んでいる。
[主な業務]
レビュー
パフォーマンス改善
コーディング
チームマネジメント
インフラ構築
これらの取り組みにより、コスト削減を目指している。",2024-12-17,2026-08-25
862,データレイク構築構築,現プロジェクトにおいてレビュー、要件分析、クラウド移行やインフラ構築に取り組んでいる。,2024-02-23,2024-10-10
863,音声認識システム実装,本プロジェクトでは要件定義、要件分析、デプロイ、システム設計や自動テスト導入に取り組んでいる。目的は性能向上である。,2025-10-18,
864,AIチャットボット構築,"現プロジェクトにおいて運用保守やデータ分析などに取り組んでいる。
[実施内容]
運用保守
データ分析
チームマネジメント
システム設計
これらの取り組みにより、コスト削減を目指している。",2025-07-15,2026-12-31
865,eラーニングシステム改善,"当プロジェクトではチームマネジメントやアーキテクチャ設計などに取り組んでいます。
[主な作業]
チームマネジメント
アーキテクチャ設計
ドキュメント作成
テスト
リファクタリング
これらの取り組みにより、品質改善を目指しています。",2024-09-13,
866,不動産プラットフォーム設計,"このプロジェクトではデプロイや実装などに取り組んでいます。
[主な作業]
デプロイ
実装
システム設計
セキュリティ強化
リファクタリング",2025-03-29,
867,機械学習モデル開発導入,"現プロジェクトにおいてデータ分析や要件分析などに取り組んでいる。
[実施内容]
データ分析
要件分析
チームマネジメント
要件定義
UI/UX設計
アーキテクチャ設計",2024-02-19,
868,健康管理アプリ導入,技術選定や設計レビューを行っている。また、チームマネジメント、運用保守、CI/CD構築、要件分析やデータ分析にも取り組んでいる。目指しているのはコスト削減である。,2024-05-17,
869,在庫管理システム構築,"このプロジェクトではアーキテクチャ設計やレビューなどに取り組んでいます。
[実施内容]
アーキテクチャ設計
レビュー
データ分析
システム設計",2024-08-19,
870,ニュース配信アプリ開発,"本プロジェクトではアーキテクチャ設計や自動テスト導入などに取り組んでいる。
[主な業務]
アーキテクチャ設計
自動テスト導入
ドキュメント作成
データベース設計
インフラ構築",2025-06-19,2026-12-31
871,HRテックサービス改善,"当プロジェクトではタスク管理やパフォーマンス改善などに取り組んでいます。
[主な作業]
タスク管理
パフォーマンス改善
セキュリティ強化
アーキテクチャ設計",2025-01-04,
872,物流管理システム導入,システム設計や実装を中心に行っています。また、ドキュメント作成、テストやチームマネジメントにも取り組んでいます。,2024-01-06,
873,セキュリティ強化プロジェクト導入,主な業務はインフラ構築、実装、テストやタスク管理です。目指しているのは性能向上です。,2024-05-10,
874,不動産プラットフォーム開発,"本プロジェクトではチームマネジメントや自動テスト導入などに取り組んでいる。
[主な作業]
チームマネジメント
自動テスト導入
セキュリティ強化
アーキテクチャ設計
技術選定
これらの取り組みにより、レスポンス時間短縮を目指している。",2024-07-17,2026-06-17
875,データレイク構築改善,"当プロジェクトではレビューやコーディングなどに取り組んでいます。
[実施内容]
レビュー
コーディング
リファクタリング
チームマネジメント
要件分析
これらの取り組みにより、開発効率向上を目指しています。",2024-11-21,
876,セキュリティ強化プロジェクト改善,"このプロジェクトでは要件分析やチームマネジメントなどに取り組んでいます。
[実施内容]
要件分析
チームマネジメント
タスク管理
これらの取り組みにより、ユーザビリティ向上を目指しています。",2025-04-12,2026-12-31
877,健康管理アプリ実装,"現プロジェクトにおいてデータ分析やシステム設計などに取り組んでいる。
[主な作業]
データ分析
システム設計
リファクタリング
実装
これらの取り組みにより、運用コスト削減を目指している。",2024-03-24,2025-10-29
878,クラウド移行プロジェクト改善,レビュー、デプロイやシステム設計などの開発に取り組んでいます。目指しているのはユーザビリティ向上です。,2024-07-25,
879,チャットボット開発,当プロジェクトではアーキテクチャ設計、データベース設計やリファクタリングに取り組んでいる。目的はリリースサイクルの短縮である。,2025-01-27,2025-10-21
880,教育向けアプリ改善,当プロジェクトでは要件分析、実装やクラウド移行に取り組んでいる。目的はバグ発生率低減である。,2024-02-08,2024-08-23
881,SNSアプリ設計,技術選定や設計レビューを行っている。,2025-04-16,
882,予約管理システム開発,このプロジェクトではコーディング、タスク管理、技術選定、データ分析、デプロイやインフラ構築に取り組んでいます。目的はリリースサイクルの短縮です。,2024-06-01,2025-06-07
883,不動産プラットフォーム導入,現プロジェクトにおいてデプロイ、リファクタリング、テスト、要件分析やデータベース設計に取り組んでいる。目的はユーザー満足度向上である。,2024-09-08,2026-07-06
884,IoTプラットフォーム開発,技術選定や設計レビューを行っています。目指しているのはレスポンス時間短縮です。,2025-10-28,2026-10-18
885,在庫管理システム設計,"現プロジェクトにおいてインフラ構築やUI/UX設計などに取り組んでいる。
[主な業務]
インフラ構築
UI/UX設計
技術選定
コーディング
クラウド移行
データベース設計",2024-08-29,
886,サブスク管理サービス実装,現在進行中の案件においてはドキュメント作成、クラウド移行や技術選定に取り組んでいます。目的はユーザビリティ向上です。,2025-10-06,2026-04-09
887,AIチャットボット実装,インフラ構築、システム設計、コーディングやクラウド移行などの開発に取り組んでいます。,2024-07-22,
888,物流管理システム導入,このプロジェクトではコーディング、要件定義、技術選定やテストに取り組んでいます。,2024-10-18,
889,旅行予約システム設計,このプロジェクトではコーディング、要件定義、タスク管理、CI/CD構築、アーキテクチャ設計や要件分析に取り組んでいます。,2024-11-02,
890,金融システム開発,"当プロジェクトではパフォーマンス改善やシステム設計などに取り組んでいます。
[主な作業]
パフォーマンス改善
システム設計
セキュリティ強化",2024-04-24,2025-10-19
891,機械学習モデル開発導入,"現プロジェクトにおいてクラウド移行や実装などに取り組んでいる。
[主な業務]
クラウド移行
実装
システム設計
これらの取り組みにより、レスポンス時間短縮を目指している。",2024-11-19,
892,不動産プラットフォーム開発,"本プロジェクトではチームマネジメントや技術選定などに取り組んでいる。
[主な作業]
チームマネジメント
技術選定
データベース設計
UI/UX設計",2024-09-07,
893,セキュリティ強化プロジェクト実装,"本プロジェクトではパフォーマンス改善やデータ分析などに取り組んでいる。
[主な業務]
パフォーマンス改善
データ分析
アーキテクチャ設計
リファクタリング
UI/UX設計",2024-06-20,
894,グルメレビューアプリ構築,"当プロジェクトではCI/CD構築や要件分析などに取り組んでいます。
[主な作業]
CI/CD構築
要件分析
アーキテクチャ設計
これらの取り組みにより、ユーザー満足度向上を目指しています。",2024-09-06,
895,在庫管理システム開発,"当プロジェクトではUI/UX設計やチームマネジメントなどに取り組んでいます。
[主な作業]
UI/UX設計
チームマネジメント
コーディング",2024-02-12,
896,ブロックチェーン開発開発,当プロジェクトではアーキテクチャ設計、技術選定、要件定義、実装、インフラ構築や要件分析に取り組んでいます。,2025-04-23,
897,金融システム設計,"現プロジェクトにおいてテストやクラウド移行などに取り組んでいる。
[主な作業]
テスト
クラウド移行
データ分析
パフォーマンス改善
要件分析
これらの取り組みにより、品質改善を目指している。",2024-05-15,2026-01-07
898,物流管理システム構築,このプロジェクトではレビュー、テスト、実装やデータベース設計に取り組んでいます。目的は運用コスト削減です。,2024-11-02,
899,健康管理アプリ構築,技術選定や設計レビューを行っている。また、アーキテクチャ設計、CI/CD構築、リファクタリング、チームマネジメントや技術選定にも取り組んでいる。目指しているのは運用コスト削減である。,2025-01-18,
900,SNSアプリ実装,当プロジェクトではデプロイ、システム設計や自動テスト導入に取り組んでいる。,2024-11-29,2026-08-23
901,グルメレビューアプリ構築,"このプロジェクトでは自動テスト導入や技術選定などに取り組んでいます。
[主な作業]
自動テスト導入
技術選定
データ分析
実装
これらの取り組みにより、運用コスト削減を目指しています。",2025-01-10,2026-12-11
902,データレイク構築実装,現プロジェクトにおいてテスト、タスク管理、アーキテクチャ設計やセキュリティ強化に取り組んでいる。,2024-11-14,2025-05-19
903,画像認識システム開発,主な業務はCI/CD構築、セキュリティ強化やデータベース設計である。目指しているのはレスポンス時間短縮である。,2024-05-14,2025-07-18
904,予約管理システム構築,システム設計や実装を中心に行っています。目指しているのはコスト削減です。,2025-08-19,2026-04-14
905,機械学習モデル開発構築,システム設計や実装を中心に行っている。また、CI/CD構築、運用保守、リファクタリング、クラウド移行や要件分析にも取り組んでいる。目指しているのはリリースサイクルの短縮である。,2025-08-31,
906,AIチャットボット改善,現在進行中の案件においては自動テスト導入、要件分析やインフラ構築に取り組んでいます。,2025-10-18,2026-12-31
907,予約管理システム導入,システム設計や実装を中心に行っています。目指しているのは運用コスト削減です。,2025-08-14,
908,顧客管理システム設計,"当プロジェクトではタスク管理やアーキテクチャ設計などに取り組んでいる。
[実施内容]
タスク管理
アーキテクチャ設計
要件定義
クラウド移行
テスト",2025-02-09,2025-05-21
909,HRテックサービス改善,システム設計や実装を中心に行っている。,2025-03-06,
910,医療情報システム開発,本プロジェクトではデータベース設計、実装、CI/CD構築、テストやタスク管理に取り組んでいる。目的は開発効率向上である。,2025-05-05,2026-01-18
911,セキュリティ強化プロジェクト改善,"現在進行中の案件においてはレビューやコーディングなどに取り組んでいます。
[主な作業]
レビュー
コーディング
実装
これらの取り組みにより、品質改善を目指しています。",2024-04-11,
912,チャットボット設計,本プロジェクトでは自動テスト導入、技術選定、リファクタリング、システム設計やドキュメント作成に取り組んでいる。目的は性能向上である。,2024-07-25,2026-06-21
913,BIツール導入導入,主な業務はデプロイ、インフラ構築、要件分析、CI/CD構築やデータ分析です。目指しているのは運用コスト削減です。,2024-04-28,
914,金融システム導入,現プロジェクトにおいてアーキテクチャ設計、クラウド移行、パフォーマンス改善、レビュー、要件分析やチームマネジメントに取り組んでいる。目的は品質改善である。,2024-09-16,
915,医療情報システム導入,主な業務はデプロイ、チームマネジメント、レビュー、システム設計や自動テスト導入である。,2024-05-27,
916,不動産プラットフォーム実装,"本プロジェクトではドキュメント作成やコーディングなどに取り組んでいる。
[主な作業]
ドキュメント作成
コーディング
自動テスト導入",2025-03-02,
917,AIチャットボット実装,"現プロジェクトにおいてチームマネジメントやドキュメント作成などに取り組んでいる。
[実施内容]
チームマネジメント
ドキュメント作成
データベース設計
これらの取り組みにより、レスポンス時間短縮を目指している。",2025-07-06,
918,クラウド移行プロジェクト設計,本プロジェクトでは実装、要件定義、セキュリティ強化やチームマネジメントに取り組んでいる。目的はレスポンス時間短縮である。,2025-03-14,2026-07-06
919,クラウド移行プロジェクト改善,"現プロジェクトにおいて自動テスト導入や要件定義などに取り組んでいる。
[主な業務]
自動テスト導入
要件定義
コーディング
データベース設計
これらの取り組みにより、開発効率向上を目指している。",2024-12-21,
920,サブスク管理サービス設計,主な業務は実装、リファクタリングやチームマネジメントです。目指しているのは開発効率向上です。,2025-02-25,2026-03-18
921,クラウド移行プロジェクト構築,要件定義、データベース設計、テスト、要件分析や自動テスト導入などの開発に取り組んでいます。目指しているのは運用コスト削減です。,2024-04-10,2024-09-23
922,ニュース配信アプリ設計,"当プロジェクトではクラウド移行やタスク管理などに取り組んでいる。
[主な業務]
クラウド移行
タスク管理
データベース設計
これらの取り組みにより、コスト削減を目指している。",2024-11-06,2025-05-18
923,セキュリティ強化プロジェクト開発,"現在進行中の案件においてはデータベース設計やドキュメント作成などに取り組んでいます。
[主な作業]
データベース設計
ドキュメント作成
レビュー
テスト
リファクタリング
これらの取り組みにより、コスト削減を目指しています。",2024-12-11,
924,IoTプラットフォーム構築,"当プロジェクトでは要件分析や運用保守などに取り組んでいる。
[主な作業]
要件分析
運用保守
CI/CD構築
コーディング
チームマネジメント
これらの取り組みにより、運用コスト削減を目指している。",2025-01-26,
925,旅行予約システム設計,現プロジェクトにおいてテスト、CI/CD構築やドキュメント作成に取り組んでいる。目的はユーザビリティ向上である。,2025-01-11,2026-01-02
926,セキュリティ強化プロジェクト改善,"本プロジェクトではテストやUI/UX設計などに取り組んでいる。
[主な業務]
テスト
UI/UX設計
運用保守
リファクタリング
コーディング",2025-01-09,2025-11-09
927,旅行予約システム導入,"当プロジェクトではデプロイやシステム設計などに取り組んでいる。
[実施内容]
デプロイ
システム設計
実装
CI/CD構築
セキュリティ強化
タスク管理",2024-06-30,2025-03-13
928,SNSアプリ構築,技術選定や設計レビューを行っている。また、運用保守、データベース設計や技術選定にも取り組んでいる。目指しているのはリリースサイクルの短縮である。,2024-03-29,2024-09-29
929,在庫管理システム設計,"当プロジェクトではコーディングやテストなどに取り組んでいる。
[主な作業]
コーディング
テスト
自動テスト導入
デプロイ
チームマネジメント
タスク管理
これらの取り組みにより、開発効率向上を目指している。",2024-10-09,
930,旅行予約システム改善,システム設計や実装を中心に行っている。また、データ分析、システム設計、要件定義、ドキュメント作成、自動テスト導入やクラウド移行にも取り組んでいる。目指しているのは品質改善である。,2025-04-29,
931,ニュース配信アプリ設計,システム設計や実装を中心に行っています。また、UI/UX設計、ドキュメント作成やインフラ構築にも取り組んでいます。,2024-03-14,2025-10-12
932,ブロックチェーン開発開発,システム設計や実装を中心に行っている。,2025-09-14,2026-10-30
933,教育向けアプリ設計,本プロジェクトではパフォーマンス改善、アーキテクチャ設計、実装やインフラ構築に取り組んでいる。目的は性能向上である。,2024-03-10,2025-01-22
934,グルメレビューアプリ実装,"当プロジェクトではインフラ構築やチームマネジメントなどに取り組んでいる。
[主な業務]
インフラ構築
チームマネジメント
タスク管理
デプロイ
パフォーマンス改善
これらの取り組みにより、バグ発生率低減を目指している。",2025-07-05,2026-01-18
935,チャットボット構築,要件分析、デプロイ、運用保守、クラウド移行や実装などの開発に取り組んでいます。,2024-12-21,
936,ブロックチェーン開発開発,主な業務はコーディング、リファクタリング、ドキュメント作成、パフォーマンス改善やレビューである。,2025-05-14,
937,旅行予約システム実装,システム設計や実装を中心に行っている。また、パフォーマンス改善、ドキュメント作成やUI/UX設計にも取り組んでいる。目指しているのはユーザビリティ向上である。,2024-11-02,
938,データ分析基盤構築,"当プロジェクトではリファクタリングや自動テスト導入などに取り組んでいます。
[主な作業]
リファクタリング
自動テスト導入
技術選定
レビュー
これらの取り組みにより、リリースサイクルの短縮を目指しています。",2025-08-16,2026-07-10
939,ECプラットフォーム改善,ドキュメント作成、レビュー、パフォーマンス改善、データベース設計、要件定義や自動テスト導入などの開発に取り組んでいます。,2024-12-04,
940,SNSアプリ改善,本プロジェクトではアーキテクチャ設計、自動テスト導入、インフラ構築、システム設計や運用保守に取り組んでいる。目的は性能向上である。,2024-11-27,
941,eラーニングシステム設計,現在進行中の案件においてはUI/UX設計、デプロイ、システム設計、パフォーマンス改善、実装やデータ分析に取り組んでいます。,2025-01-21,2025-08-28
942,教育向けアプリ改善,"当プロジェクトではパフォーマンス改善やレビューなどに取り組んでいます。
[主な作業]
パフォーマンス改善
レビュー
システム設計
セキュリティ強化
デプロイ",2024-03-07,
943,SNSアプリ設計,主な業務は技術選定、インフラ構築、実装やセキュリティ強化です。,2025-08-25,
944,BIツール導入開発,技術選定や設計レビューを行っている。,2024-02-04,2025-12-01
945,HRテックサービス開発,技術選定や設計レビューを行っている。また、システム設計、CI/CD構築やテストにも取り組んでいる。目指しているのはユーザー満足度向上である。,2025-03-11,
946,画像認識システム実装,"当プロジェクトではタスク管理や実装などに取り組んでいる。
[主な作業]
タスク管理
実装
データベース設計
デプロイ",2025-03-25,2026-02-28
947,動画配信サービス改善,当プロジェクトでは運用保守、リファクタリングやデータ分析に取り組んでいる。目的は開発効率向上である。,2025-10-24,
948,音声認識システム構築,主な業務はセキュリティ強化、運用保守、パフォーマンス改善やレビューです。目指しているのは性能向上です。,2024-09-20,
949,機械学習モデル開発設計,"本プロジェクトでは技術選定やアーキテクチャ設計などに取り組んでいる。
[主な作業]
技術選定
アーキテクチャ設計
要件分析
システム設計
CI/CD構築
これらの取り組みにより、品質改善を目指している。",2024-02-01,2025-10-18
950,不動産プラットフォーム導入,"当プロジェクトではUI/UX設計やパフォーマンス改善などに取り組んでいる。
[主な作業]
UI/UX設計
パフォーマンス改善
コーディング
これらの取り組みにより、品質改善を目指している。",2024-01-03,2025-02-16
951,eラーニングシステム設計,現在進行中の案件においてはインフラ構築、実装やチームマネジメントに取り組んでいます。,2025-07-27,
952,動画配信サービス構築,現在進行中の案件においては実装、セキュリティ強化、自動テスト導入やUI/UX設計に取り組んでいます。,2024-10-02,
953,BIツール導入構築,"現在進行中の案件においては要件定義やタスク管理などに取り組んでいます。
[主な業務]
要件定義
タスク管理
データベース設計
レビュー",2024-07-23,2025-07-16
954,サブスク管理サービス改善,"当プロジェクトではパフォーマンス改善やデータベース設計などに取り組んでいます。
[実施内容]
パフォーマンス改善
データベース設計
ドキュメント作成
テスト
UI/UX設計
要件定義
これらの取り組みにより、ユーザビリティ向上を目指しています。",2024-01-27,
955,画像認識システム導入,現プロジェクトにおいて実装、クラウド移行、コーディングやデプロイに取り組んでいる。,2024-06-11,
956,IoTプラットフォーム開発,"当プロジェクトではデータ分析やCI/CD構築などに取り組んでいる。
[実施内容]
データ分析
CI/CD構築
自動テスト導入",2025-01-09,2026-03-23
957,動画配信サービス設計,実装、コーディング、要件定義やシステム設計などの開発に取り組んでいます。目指しているのは性能向上です。,2024-09-28,
958,医療情報システム開発,"当プロジェクトではコーディングやクラウド移行などに取り組んでいる。
[実施内容]
コーディング
クラウド移行
自動テスト導入",2025-06-04,
959,不動産プラットフォーム実装,当プロジェクトではセキュリティ強化、データ分析や自動テスト導入に取り組んでいる。目的は開発効率向上である。,2024-03-16,2024-09-06
960,HRテックサービス改善,主な業務はチームマネジメント、実装やレビューです。,2024-10-18,2026-03-20
961,在庫管理システム開発,本プロジェクトではクラウド移行、リファクタリング、コーディング、チームマネジメント、データベース設計や要件分析に取り組んでいる。目的はコスト削減である。,2024-07-14,2026-03-09
962,画像認識システム構築,現プロジェクトにおいてセキュリティ強化、デプロイ、リファクタリング、データ分析や技術選定に取り組んでいる。目的はユーザー満足度向上である。,2024-07-31,2025-01-16
963,予約管理システム導入,当プロジェクトではドキュメント作成、テスト、UI/UX設計やクラウド移行に取り組んでいる。,2025-08-26,
964,ブロックチェーン開発導入,技術選定や設計レビューを行っている。目指しているのはバグ発生率低減である。,2024-06-18,2025-07-03
965,機械学習モデル開発設計,システム設計や実装を中心に行っています。また、システム設計、UI/UX設計、タスク管理や要件分析にも取り組んでいます。,2024-06-01,
966,在庫管理システム設計,"当プロジェクトではチームマネジメントや技術選定などに取り組んでいる。
[主な作業]
チームマネジメント
技術選定
UI/UX設計
デプロイ
パフォーマンス改善
これらの取り組みにより、性能向上を目指している。",2025-05-29,2026-12-31
967,IoTプラットフォーム実装,"現プロジェクトにおいて技術選定やアーキテクチャ設計などに取り組んでいる。
[主な作業]
技術選定
アーキテクチャ設計
データベース設計
デプロイ
これらの取り組みにより、ユーザビリティ向上を目指している。",2024-02-16,2025-03-28
968,健康管理アプリ構築,"当プロジェクトではシステム設計やタスク管理などに取り組んでいます。
[実施内容]
システム設計
タスク管理
ドキュメント作成",2025-03-25,
969,eラーニングシステム構築,主な業務はアーキテクチャ設計、デプロイ、技術選定やテストである。目指しているのはコスト削減である。,2025-04-05,
970,チャットボット構築,主な業務はインフラ構築、ドキュメント作成、要件定義、UI/UX設計、要件分析やデプロイである。目指しているのはバグ発生率低減である。,2024-07-02,
971,音声認識システム実装,当プロジェクトでは自動テスト導入、リファクタリング、実装やデプロイに取り組んでいる。,2024-07-07,
972,HRテックサービス実装,タスク管理、セキュリティ強化、運用保守、自動テスト導入、実装やデプロイなどの開発に取り組んでいる。目指しているのは運用コスト削減である。,2025-05-10,2026-12-31
973,IoTプラットフォーム導入,"現プロジェクトにおいてドキュメント作成やセキュリティ強化などに取り組んでいる。
[主な業務]
ドキュメント作成
セキュリティ強化
要件定義
リファクタリング
テスト
技術選定
これらの取り組みにより、ユーザビリティ向上を目指している。",2024-06-01,
974,顧客管理システム導入,このプロジェクトではCI/CD構築、技術選定、データ分析やコーディングに取り組んでいます。目的はレスポンス時間短縮です。,2025-04-09,2026-11-24
975,サブスク管理サービス導入,主な業務はパフォーマンス改善、テスト、実装、リファクタリングやシステム設計です。,2024-11-01,
976,ブロックチェーン開発設計,現在進行中の案件においてはCI/CD構築、システム設計、セキュリティ強化、UI/UX設計やデプロイに取り組んでいます。,2024-01-14,2024-07-22
977,AIチャットボット実装,"現在進行中の案件においては要件分析やタスク管理などに取り組んでいます。
[主な作業]
要件分析
タスク管理
データベース設計
これらの取り組みにより、コスト削減を目指しています。",2024-10-22,
978,BIツール導入実装,システム設計や実装を中心に行っています。,2025-02-02,
979,eラーニングシステム導入,"現在進行中の案件においては実装やセキュリティ強化などに取り組んでいます。
[主な業務]
実装
セキュリティ強化
UI/UX設計
運用保守
リファクタリング
これらの取り組みにより、ユーザー満足度向上を目指しています。",2025-10-14,
980,HRテックサービス実装,現在進行中の案件においてはリファクタリング、要件分析、レビュー、コーディング、タスク管理やテストに取り組んでいます。,2024-06-05,
981,医療情報システム開発,現在進行中の案件においてはUI/UX設計、実装、アーキテクチャ設計、インフラ構築、コーディングやデプロイに取り組んでいます。,2024-06-30,2024-11-02
982,教育向けアプリ設計,当プロジェクトではCI/CD構築、データベース設計やアーキテクチャ設計に取り組んでいる。,2025-09-28,
983,ECプラットフォーム設計,技術選定や設計レビューを行っている。,2024-10-23,2025-01-22
984,医療情報システム設計,現プロジェクトにおいて実装、データ分析やチームマネジメントに取り組んでいる。,2025-03-10,
985,医療情報システム設計,"当プロジェクトではセキュリティ強化やコーディングなどに取り組んでいます。
[実施内容]
セキュリティ強化
コーディング
実装
タスク管理
これらの取り組みにより、リリースサイクルの短縮を目指しています。",2024-11-07,2025-03-29
986,動画配信サービス設計,現プロジェクトにおいてインフラ構築、アーキテクチャ設計、要件定義、UI/UX設計、システム設計やリファクタリングに取り組んでいる。目的はリリースサイクルの短縮である。,2024-09-26,
987,ブロックチェーン開発設計,現プロジェクトにおいてCI/CD構築、インフラ構築や要件定義に取り組んでいる。目的は運用コスト削減である。,2024-06-25,2025-06-16
988,金融システム導入,本プロジェクトではテスト、コーディング、アーキテクチャ設計やリファクタリングに取り組んでいる。,2025-09-13,2026-05-18
989,動画配信サービス構築,当プロジェクトではインフラ構築、データベース設計やコーディングに取り組んでいます。,2025-10-04,
990,チャットボット改善,"当プロジェクトではアーキテクチャ設計やインフラ構築などに取り組んでいる。
[実施内容]
アーキテクチャ設計
インフラ構築
セキュリティ強化
チームマネジメント
要件分析
レビュー",2024-04-19,2025-07-26
991,医療情報システム構築,"現在進行中の案件においては要件定義やデータベース設計などに取り組んでいます。
[実施内容]
要件定義
データベース設計
UI/UX設計",2024-04-30,2025-09-04
992,顧客管理システム導入,本プロジェクトでは要件分析、データベース設計、タスク管理、デプロイ、技術選定やUI/UX設計に取り組んでいる。,2025-05-05,2026-09-27
993,画像認識システム構築,本プロジェクトではCI/CD構築、デプロイ、チームマネジメント、セキュリティ強化や要件分析に取り組んでいる。,2025-01-29,2025-11-10
994,機械学習モデル開発構築,"本プロジェクトではレビューやドキュメント作成などに取り組んでいる。
[実施内容]
レビュー
ドキュメント作成
コーディング",2025-05-14,2026-04-26
995,機械学習モデル開発開発,現プロジェクトにおいてデータベース設計、コーディング、要件定義やシステム設計に取り組んでいる。目的は品質改善である。,2025-08-24,2026-12-31
996,チャットボット設計,当プロジェクトではチームマネジメント、運用保守、アーキテクチャ設計やUI/UX設計に取り組んでいる。,2025-02-13,
997,AIチャットボット構築,当プロジェクトではデータベース設計、セキュリティ強化、要件分析、コーディングやクラウド移行に取り組んでいます。目的は運用コスト削減です。,2025-02-09,
998,旅行予約システム改善,リファクタリング、要件分析、自動テスト導入、コーディングやセキュリティ強化などの開発に取り組んでいる。,2024-07-16,
999,サブスク管理サービス構築,要件分析、パフォーマンス改善、クラウド移行、運用保守、テストやシステム設計などの開発に取り組んでいます。目指しているのはレスポンス時間短縮です。,2024-04-08,2025-07-06
1000,データレイク構築設計,テスト、システム設計、実装や要件定義などの開発に取り組んでいる。目指しているのはバグ発生率低減である。,2024-06-02,2024-11-04